,player_pretty_name,competition_id,goals,assists,minutes_played,yellow_cards,red_cards,player_club_id
0,Aaron Escandell,ES1,0,0,1003,2,0,201540
1,Aaron Martin,ES1,0,3,6943,12,0,62128
2,Aaron Niguez,ES1,0,1,1176,5,0,32151
3,Abdallahi Mahmoud,ES1,0,0,215,1,0,3755
4,Abdon Prats,ES1,3,0,943,3,0,11613
5,Abdoul Wahid Sissoko,ES1,0,0,767,1,0,184745
6,Abdoulay Diaby,ES1,0,0,17,0,0,3709
7,Abdoulaye Ba,ES1,1,1,3733,14,2,16882
8,Abdoulaye Doucoure,ES1,0,2,1157,5,0,251925
9,Abdul Mumin,ES1,0,0,11,0,0,367
10,Abdul Rahman Baba,ES1,0,0,109,1,0,474
11,Abel Gomez,ES1,0,0,1258,2,0,21846
12,Abraham Gonzalez,ES1,2,2,2378,3,0,29988
13,Abraham Minero,ES1,1,2,1319,6,0,33726
14,Achraf Hakimi,ES1,2,0,757,0,0,3762
15,Adalberto Penaranda,ES1,5,3,2659,12,0,403629
16,Adama Traore,ES1,0,2,378,0,0,1441
17,Aday Benitez,ES1,2,3,2477,12,0,505161
18,Aderllan Santos,ES1,0,0,2521,3,0,30421
19,Adil Rami,ES1,0,1,4212,14,0,18032
20,Adnan Januzaj,ES1,15,15,6632,15,0,89892
21,Adnane Tighadouini,ES1,1,0,387,0,0,10840
22,Adria Pedrosa,ES1,2,1,3805,11,0,36414
23,Adrian Butzke,ES1,0,0,1,0,0,16795
24,Adrian Colunga,ES1,0,0,221,0,1,67180
25,Adrian Dieguez,ES1,0,0,1185,8,0,56707
26,Adrian Embarba,ES1,12,18,8409,20,0,74946
27,Adrian Gonzalez,ES1,14,3,7995,26,1,166284
28,Adrian Guerrero,ES1,0,0,127,1,0,17844
29,Adrian Gunino,ES1,0,0,1946,4,0,22839
30,Adrian Lopez,ES1,18,11,5740,2,0,73693
31,Adrian Marin,ES1,0,2,3862,11,0,211711
32,Adrian Ortola,ES1,0,0,180,0,0,2216
33,Adrian Ramos,ES1,4,1,1352,4,0,352695
34,Adriano,ES1,0,2,1386,2,0,3144
35,Ager Aketxe,ES1,1,1,514,2,0,8694
36,Agustin Marchesin,ES1,0,0,540,1,0,5640
37,Aihen Munoz,ES1,0,1,4944,11,0,57595
38,Aimar Oroz,ES1,2,0,327,1,0,1655
39,Aissa Mandi,ES1,8,3,14660,41,2,42750
40,Aitor Bunuel,ES1,0,0,1027,3,0,6514
41,Aitor Cantalapiedra,ES1,0,0,3,0,0,1050
42,Aitor Fernandez,ES1,0,0,8457,4,1,316592
43,Aitor Paredes,ES1,0,0,3,0,0,1242
44,Aitor Ruibal,ES1,2,2,4018,13,0,40284
45,Akram Afif,ES1,0,0,231,2,0,22032
46,Alberto Aquilani,ES1,0,0,1298,4,0,9912
47,Alberto Brignoli,ES1,0,0,60,0,0,1244
48,Alberto Bueno,ES1,19,7,4033,4,0,257155
49,Alberto De La Bella,ES1,1,5,4683,14,0,37455
50,Alberto Garcia,ES1,0,0,2070,1,0,20927
51,Alberto Guitian,ES1,0,0,90,1,0,2448
52,Alberto Lopez,ES1,0,0,45,0,0,714
53,Alberto Lopo,ES1,2,0,3413,21,0,35880
54,Alberto Lora,ES1,0,4,2787,9,0,93024
55,Alberto Martin,ES1,0,0,1192,7,0,19904
56,Alberto Moreno,ES1,3,2,2891,9,0,49350
57,Alberto Perea,ES1,2,4,2325,2,0,120915
58,Alberto Redondo,ES1,0,0,90,0,0,472
59,Alberto Soro,ES1,1,2,958,1,0,520645
60,Aldo One,ES1,0,0,90,0,0,418
61,Aleix Febas,ES1,0,3,1699,4,0,6873
62,Aleix Garcia,ES1,3,3,3494,5,0,720210
63,Aleix Vidal,ES1,11,17,8853,30,0,78782
64,Alejandro Arribas,ES1,2,1,5780,22,0,55177
65,Alejandro Balde,ES1,0,3,574,1,0,1310
66,Alejandro Cantero,ES1,0,1,833,2,0,97672
67,Alejandro Catena,ES1,2,2,3957,10,0,16148
68,Alejandro Galvez,ES1,2,0,4726,15,1,49994
69,Alejandro Pozo,ES1,1,4,4018,3,0,64805
70,Alejandro Pozuelo,ES1,0,0,421,0,0,4037
71,Aleksandar Jovanovic,ES1,0,0,1080,1,0,64296
72,Aleksandar Katai,ES1,3,3,822,3,1,25484
73,Aleksandar Pantic,ES1,0,1,4244,12,1,61673
74,Aleksandar Sedlar,ES1,0,0,1214,8,1,5214
75,Aleksandar Trajkovski,ES1,0,1,318,0,0,3318
76,Alen Halilovic,ES1,5,8,4298,9,1,106064
77,Alessandro Florenzi,ES1,0,0,754,1,1,12588
78,Alessio Cerci,ES1,0,0,128,2,0,91
79,Alex Alegria,ES1,3,2,2298,3,0,38787
80,Alex Baena,ES1,3,0,338,2,0,13650
81,Alex Barrera,ES1,0,0,44,0,0,9792
82,Alex Berenguer,ES1,15,20,7070,14,0,56174
83,Alex Bergantinos,ES1,3,2,4948,8,0,56511
84,Alex Blanco,ES1,1,0,595,1,0,15853
85,Alex Blesa,ES1,0,0,11,0,0,6736
86,Alex Collado,ES1,3,1,1315,1,0,291639
87,Alex Felip,ES1,0,0,83,0,0,37090
88,Alex Fernandez,ES1,7,3,4332,3,0,167477
89,Alex Gallar,ES1,4,1,1000,2,0,133950
90,Alex Granell,ES1,1,11,5246,17,0,813186
91,Alex Lopez,ES1,1,0,1227,6,0,26356
92,Alex Martinez,ES1,0,0,971,2,0,18895
93,Alex Menendez,ES1,2,1,1032,1,0,51408
94,Alex Moreno,ES1,6,15,10596,18,1,30749
95,Alex Mozo,ES1,0,0,45,0,0,13
96,Alex Mula,ES1,0,0,562,1,0,11924
97,Alex Petxa,ES1,0,0,399,4,0,10557
98,Alex Remiro,ES1,0,0,9360,1,0,70824
99,Alex Robles,ES1,0,0,90,0,0,1084
100,Alex Sola,ES1,0,0,167,0,0,2043
101,Alex Telles,ES1,0,1,178,2,0,1840
102,Alexander Isak,ES1,33,5,6166,14,0,71505
103,Alexander Sorloth,ES1,5,0,1977,3,0,24516
104,Alexander Szymanowski,ES1,10,4,3112,2,0,52248
105,Alexandre Pato,ES1,2,3,883,0,0,14700
106,Alexis Ruano,ES1,5,2,7859,38,1,220812
107,Alfa Semedo,ES1,0,0,42,1,0,2142
108,Alfonso Espino,ES1,2,6,6431,14,0,201525
109,Alfonso Pedraza,ES1,12,19,10347,23,0,145764
110,Alfred Finnbogason,ES1,2,1,788,3,0,17025
111,Alfred Ndiaye,ES1,2,1,3221,7,0,14550
112,Alfredo Ortuno,ES1,0,1,248,0,0,83975
113,Alin Tosca,ES1,0,0,1927,2,0,3450
114,Allan Nyom,ES1,4,4,9471,39,4,840727
115,Alphonse Areola,ES1,0,0,3240,2,0,35272
116,Alvaro Aguado,ES1,0,0,305,0,0,1830
117,Alvaro Arbeloa,ES1,1,5,1367,8,0,11704
118,Alvaro Arroyo,ES1,0,0,892,3,0,44508
119,Alvaro Bastida,ES1,0,0,34,0,0,2687
120,Alvaro Cejudo,ES1,2,3,2633,18,0,7050
121,Alvaro Fernandez,ES1,0,0,2295,0,0,121068
122,Alvaro Garcia,ES1,11,9,5297,10,0,28259
123,Alvaro Gimenez,ES1,0,0,381,2,0,28714
124,Alvaro Gonzalez,ES1,3,6,14293,61,0,146286
125,Alvaro Jimenez,ES1,1,1,524,5,0,48217
126,Alvaro Lemos,ES1,1,0,439,2,0,4700
127,Alvaro Medran,ES1,9,1,4623,20,0,119392
128,Alvaro Morata,ES1,36,8,4933,20,0,11583
129,Alvaro Negredo,ES1,26,12,7216,12,0,256533
130,Alvaro Odriozola,ES1,2,13,6534,9,0,47008
131,Alvaro Pereira,ES1,0,0,412,4,0,22254
132,Alvaro Tejero,ES1,0,0,1451,4,0,28491
133,Alvaro Vadillo,ES1,3,1,1354,0,0,369940
134,Alvaro Vazquez,ES1,12,5,4048,8,0,211135
135,Aly Abeid,ES1,0,0,78,0,0,13
136,Aly Malle,ES1,0,0,507,1,0,90732
137,Amath Ndiaye,ES1,4,6,4837,18,0,223334
138,Anaitz Arbilla,ES1,5,7,13604,45,0,230412
139,Ander Barrenetxea,ES1,5,1,2724,8,0,48261
140,Ander Capa,ES1,10,16,16986,56,0,260396
141,Ander Gayoso,ES1,0,0,4,0,0,1533
142,Ander Guevara,ES1,1,1,3984,11,0,42903
143,Ander Herrera,ES1,0,0,25,0,0,621
144,Ander Iturraspe,ES1,2,2,5922,19,0,66570
145,Andoni Gorosabel,ES1,0,5,6223,11,0,65339
146,Andoni Iraola,ES1,1,1,1531,5,0,13662
147,Andoni Lopez,ES1,0,0,90,0,0,12321
148,Andre Almeida,ES1,1,1,123,0,0,3147
149,Andre Gomes,ES1,9,5,7154,24,0,72113
150,Andre Silva,ES1,9,2,2164,4,0,9936
151,Andre Zambo Anguissa,ES1,2,2,2582,6,0,37800
152,Andreas Christensen,ES1,0,0,150,0,0,262
153,Andreas Ivanschitz,ES1,1,3,1333,3,0,67360
154,Andreas Pereira,ES1,6,7,3907,14,1,611952
155,Andres Fernandez,ES1,0,1,7210,11,1,736543
156,Andres Guardado,ES1,3,16,9456,32,0,21450
157,Andres Iniesta,ES1,2,7,7012,8,0,13755
158,Andres Prieto,ES1,0,0,360,0,0,4336
159,Andres Solano,ES1,0,0,45,0,0,13
160,Andreu Fontas,ES1,2,2,5869,20,0,65800
161,Andrew Hjulsager,ES1,1,3,620,1,0,22560
162,Andriy Lunin,ES1,0,0,544,0,0,7056
163,Angel Algobia,ES1,0,0,60,0,0,3709
164,Angel Correa,ES1,47,38,12799,36,2,3159
165,Angel Lafita,ES1,5,3,2096,8,0,107561
166,Angel Lopez,ES1,0,0,31,0,0,1416
167,Angel Montoro,ES1,4,7,5211,20,0,1036767
168,Angel Rodriguez,ES1,40,13,8950,25,0,530820
169,Angel Trujillo,ES1,0,1,3875,5,1,145816
170,Ansu Fati,ES1,10,4,916,1,0,3013
171,Ante Budimir,ES1,32,6,6470,19,0,29148
172,Ante Palaversa,ES1,0,0,7,0,0,7418
173,Anthony Martial,ES1,0,1,495,1,0,3312
174,Antoine Griezmann,ES1,121,51,21706,35,1,12450
175,Antolin Alcaraz,ES1,1,0,540,2,0,2832
176,Antonin,ES1,1,0,176,2,0,134360
177,Antonio Adan,ES1,0,3,9356,15,0,15476
178,Antonio Amaya,ES1,2,1,2621,12,0,13212
179,Antonio Barragan,ES1,1,16,11703,42,0,134925
180,Antonio Blanco,ES1,0,0,353,0,0,7046
181,Antonio Cotan,ES1,0,0,90,0,0,368
182,Antonio Luna,ES1,1,11,6404,14,0,194205
183,Antonio Marin,ES1,0,0,123,0,0,6604
184,Antonio Otegui,ES1,0,0,44,0,0,2485
185,Antonio Puertas,ES1,16,10,6990,17,0,1746680
186,Antonio Raillo,ES1,4,1,5209,20,0,15891
187,Antonio Rudiger,ES1,1,0,308,0,0,2508
188,Antonio Rukavina,ES1,0,0,4292,17,0,63000
189,Antonio Sanabria,ES1,27,2,6343,10,0,81492
190,Antonio Sanchez,ES1,1,0,1848,7,0,8295
191,Antonio Sivera,ES1,0,0,951,2,0,13296
192,Antonito,ES1,2,1,2883,6,0,16470
193,Anuar,ES1,2,0,1475,8,0,12078
194,Aras Ozbiliz,ES1,0,1,97,1,0,1101
195,Arda Turan,ES1,7,10,4401,13,0,5132
196,Aridai Cabrera,ES1,0,0,35,0,0,474
197,Aridane Hernandez,ES1,3,0,5797,12,1,22508
198,Aritz Aduriz,ES1,66,18,11052,43,0,101844
199,Aritz Elustondo,ES1,11,4,13031,32,2,115770
200,Aritz Lopez Garai,ES1,0,0,384,1,0,5958
201,Armando Sadiku,ES1,0,0,267,1,0,20208
202,Arnau Martinez,ES1,1,0,261,0,0,49284
203,Arnau Puigmal,ES1,0,0,180,2,0,13208
204,Arnaut Danjuma,ES1,10,3,1507,2,0,25200
205,Arona Sane,ES1,0,0,64,0,0,13
206,Artem Kravets,ES1,5,2,1378,2,0,436670
207,Arthur Boka,ES1,0,1,2749,8,0,40108
208,Arthur Melo,ES1,3,4,2625,3,0,6288
209,Arturo Vidal,ES1,11,10,3593,11,0,8646
210,Asdrubal Padron,ES1,0,0,30,0,0,1416
211,Asier Illarramendi,ES1,10,9,12978,54,0,111285
212,Asier Riesgo,ES1,0,0,5664,1,2,99645
213,Asier Villalibre,ES1,9,4,2773,1,0,48956
214,Augusto Fernandez,ES1,2,1,4904,23,0,74817
215,Augusto Solari,ES1,2,3,1290,7,0,43240
216,Aurelien Tchouameni,ES1,0,2,418,0,0,2090
217,Awer Mabil,ES1,0,0,154,0,0,10748
218,Axel Werner,ES1,0,0,630,0,0,32161
219,Axel Witsel,ES1,0,0,540,0,0,78
220,Aymen Abdennour,ES1,0,0,2730,8,0,36715
221,Aymeric Laporte,ES1,5,3,9749,35,1,68931
222,Aythami Artiles,ES1,0,1,3663,18,0,21240
223,Baba Diawara,ES1,1,1,566,2,0,77889
224,Bakary Kone,ES1,0,0,603,3,0,7588
225,Barbero,ES1,0,0,16,0,0,1986
226,Bebe,ES1,8,16,7003,19,0,99161
227,Benat Etxebarria,ES1,6,16,10596,32,0,98118
228,Benat Turrientes,ES1,0,0,276,1,0,7491
229,Benito Ramirez,ES1,0,0,178,0,0,5728
230,Benjamin Lecomte,ES1,0,0,270,0,1,2142
231,Benoit Tremoulinas,ES1,0,8,3798,8,0,16192
232,Bernard Mensah,ES1,0,0,57,0,0,29672
233,Bernardo Espinosa,ES1,5,3,9335,26,1,895560
234,Beto,ES1,0,0,1807,5,0,8096
235,Bobby Adekanye,ES1,0,0,34,0,0,8061
236,Bojan Jokic,ES1,0,0,678,4,0,9450
237,Bojan Krkic,ES1,0,0,436,0,0,14404
238,Bono,ES1,1,3,12267,11,0,791870
239,Borja Baston,ES1,25,4,5005,9,0,106784
240,Borja Ekiza,ES1,0,0,1165,6,0,22995
241,Borja Fernandez,ES1,1,0,2296,7,0,40882
242,Borja Garces,ES1,1,0,19,0,0,13
243,Borja Garcia,ES1,5,11,8553,4,2,1002792
244,Borja Herrera,ES1,0,0,242,0,0,1416
245,Borja Iglesias,ES1,47,8,8499,14,1,42658
246,Borja Lasso,ES1,0,0,54,0,0,368
247,Borja Mayoral,ES1,20,6,5936,8,0,310396
248,Borja Sainz,ES1,2,0,1001,2,0,44320
249,Borja Valle,ES1,3,2,675,1,0,21528
250,Borja Viguera,ES1,3,3,2012,1,0,57798
251,Boulaye Dia,ES1,5,5,1268,3,0,26250
252,Brahim Diaz,ES1,1,2,438,1,0,6270
253,Brais Mendez,ES1,23,15,10970,26,0,146784
254,Brandon Thomas,ES1,0,1,408,4,0,2648
255,Brian Ocampo,ES1,0,0,209,0,0,8061
256,Brian Olivan,ES1,1,1,2714,8,0,10920
257,Brown Ideye,ES1,1,0,731,2,0,14092
258,Bruma,ES1,2,1,1449,0,0,21792
259,Bruno Gama,ES1,0,0,1563,4,0,25116
260,Bruno Gonzalez,ES1,2,1,10267,39,0,204195
261,Bruno Soriano,ES1,12,4,7926,16,1,100800
262,Bruno Zuculini,ES1,0,0,429,2,0,8993
263,Bryan Gil,ES1,6,5,3796,13,0,75592
264,Burgui,ES1,5,7,4621,8,0,143436
265,Cani,ES1,0,2,1382,4,0,25648
266,Carl Medjani,ES1,1,0,1854,3,0,57104
267,Carles Alena,ES1,6,4,5728,17,1,248607
268,Carles Gil,ES1,2,6,2155,7,0,37993
269,Carles Perez,ES1,1,4,714,0,0,6950
270,Carles Planas,ES1,0,6,4056,13,1,193912
271,Carlos Akapo,ES1,1,0,3737,9,0,171760
272,Carlos Bacca,ES1,48,17,8304,20,0,414631
273,Carlos Caballero,ES1,0,0,6,0,0,1986
274,Carlos Calderon,ES1,0,0,3,0,0,3368
275,Carlos Carmona,ES1,10,6,3089,9,0,110160
276,Carlos Castro,ES1,11,1,2014,2,0,122400
277,Carlos Clerc,ES1,1,5,8266,17,0,270673
278,Carlos Dominguez,ES1,0,0,702,3,0,12220
279,Carlos Fernandez,ES1,14,6,2986,13,0,586719
280,Carlos Gurpegi,ES1,1,0,2573,12,0,23598
281,Carlos Isaac,ES1,0,0,154,1,0,26
282,Carlos Kameni,ES1,0,1,9037,7,0,109484
283,Carlos Martinez,ES1,0,6,2586,4,0,24516
284,Carlos Neva,ES1,0,1,6126,4,0,1242830
285,Carlos Sanchez,ES1,0,0,1123,3,0,9996
286,Carlos Selfa,ES1,0,0,30,0,0,3302
287,Carlos Soler,ES1,31,25,14033,33,1,190550
288,Carlos Vela,ES1,24,9,7760,16,0,76272
289,Carlos Vigaray,ES1,1,3,4638,19,0,143355
290,Casemiro,ES1,24,18,16725,65,0,87362
291,Cedric Bakambu,ES1,31,4,4694,14,0,78750
292,Celso Borges,ES1,15,6,8411,21,0,95979
293,Cesar De La Hoz,ES1,0,0,121,2,0,6604
294,Cezary Wilk,ES1,0,0,601,2,0,9867
295,Charles,ES1,46,10,9851,41,1,231126
296,Charly Musonda Jr ,ES1,1,2,1503,4,0,3600
297,Chechu Dorado,ES1,0,0,1709,5,0,19787
298,Cheick Doukoure,ES1,1,0,1428,6,0,117880
299,Chema Rodriguez,ES1,3,1,4223,20,2,203486
300,Chengdong Zhang,ES1,0,0,8,0,0,367
301,Chicharito,ES1,8,7,1304,2,0,12926
302,Chidozie Awaziem,ES1,0,0,1993,10,0,32344
303,Chimy Avila,ES1,28,7,6049,29,1,205342
304,Choco Lozano,ES1,11,8,4700,19,1,590882
305,Chory Castro,ES1,10,13,7099,15,0,104204
306,Chris Ramos,ES1,0,0,64,0,0,366
307,Christian Atsu,ES1,2,0,386,0,0,13008
308,Christian Oliva,ES1,0,2,192,0,0,9441
309,Christian Rivera,ES1,2,0,2956,8,0,160888
310,Christian Santos,ES1,5,1,1263,6,0,34348
311,Chuca,ES1,0,0,86,1,0,4394
312,Chumi,ES1,0,0,200,1,0,13208
313,Ciro Immobile,ES1,2,0,334,2,0,2944
314,Claudio Beauvue,ES1,4,2,2827,6,0,56452
315,Claudio Bravo,ES1,0,0,9555,6,0,14720
316,Clement Grenier,ES1,1,0,398,4,0,2607
317,Clement Lenglet,ES1,7,4,12015,46,1,32891
318,Coke,ES1,12,5,8701,25,0,298736
319,Corona,ES1,0,0,2027,4,0,102362
320,Costel Pantilimon,ES1,0,0,540,0,0,5382
321,Cote,ES1,3,13,10441,26,1,178994
322,Crespi,ES1,0,0,1,0,0,13
323,Cristhian Mosquera,ES1,0,0,262,1,0,8392
324,Cristhian Stuani,ES1,53,0,7393,23,0,864246
325,Cristian Alvarez,ES1,0,0,1440,2,0,6239
326,Cristian Ansaldi,ES1,0,0,576,0,0,91
327,Cristian Espinoza,ES1,0,0,159,1,0,6648
328,Cristian Ganea,ES1,0,0,50,0,0,621
329,Cristian Herrera,ES1,1,0,856,1,0,39806
330,Cristian Rodriguez,ES1,0,0,64,0,0,78
331,Cristian Tello,ES1,17,15,6101,10,0,21000
332,Cristiano Biraghi,ES1,0,1,2823,10,0,537440
333,Cristiano Piccini,ES1,3,3,5170,14,1,35222
334,Cristiano Ronaldo,ES1,134,39,11124,11,1,53086
335,Cristo Gonzalez,ES1,0,0,45,0,0,150
336,Cucho Hernandez,ES1,11,7,5118,17,0,272693
337,Curro Sanchez,ES1,0,1,300,2,0,1472
338,Damian Kadzior,ES1,0,0,194,0,0,9198
339,Damian Musto,ES1,0,0,1688,11,0,128592
340,Damian Suarez,ES1,4,18,19729,91,2,786436
341,Dani Alves,ES1,1,13,5777,15,2,9563
342,Dani Calvo,ES1,2,0,1778,3,0,35213
343,Dani Cardenas,ES1,0,0,2880,4,0,107776
344,Dani Castellano,ES1,0,3,6385,13,0,36816
345,Dani Ceballos,ES1,7,5,6492,23,0,31336
346,Dani Escriche,ES1,1,1,850,5,1,123234
347,Dani Garcia,ES1,2,8,21768,92,1,288888
348,Dani Gimenez,ES1,0,0,607,0,0,1200
349,Dani Gomez,ES1,6,5,2775,5,0,211672
350,Dani Martin,ES1,0,0,530,0,0,900
351,Dani Molina,ES1,0,0,4,0,0,940
352,Dani Ndi,ES1,1,0,901,2,0,51408
353,Dani Nieto,ES1,0,0,210,1,0,13797
354,Dani Ojeda,ES1,0,0,191,1,0,6220
355,Dani Pacheco,ES1,0,0,166,0,0,40799
356,Dani Parejo,ES1,53,54,24309,71,2,296942
357,Dani Pinillos,ES1,0,0,861,5,1,11916
358,Dani Raba,ES1,2,5,1549,4,1,74540
359,Dani Rodriguez,ES1,8,10,6282,16,0,18723
360,Dani Romera,ES1,0,0,54,0,0,16510
361,Dani Torres,ES1,0,0,2726,10,0,45428
362,Dani Vivian,ES1,2,1,2435,3,0,18009
363,Daniel Candeias,ES1,0,1,524,1,0,184745
364,Daniel Carrico,ES1,3,2,7460,30,0,32752
365,Daniel Carvajal,ES1,3,29,15770,67,1,82346
366,Daniel Larsson,ES1,0,0,43,0,0,16795
367,Daniel Wass,ES1,16,29,17762,36,0,223762
368,Daniele Bonera,ES1,0,1,2936,12,1,42000
369,Daniele Verde,ES1,2,0,641,0,0,8052
370,Danilo,ES1,3,7,3534,8,0,17138
371,Danilo Barbosa,ES1,0,0,1362,4,0,19931
372,Dario Poveda,ES1,0,0,12,0,0,23872
373,Darko Brasanac,ES1,6,6,10213,37,0,87751
374,Darwin Machis,ES1,16,17,6813,10,0,1645908
375,David Alaba,ES1,3,5,3096,4,0,15048
376,David Alba,ES1,0,0,62,0,0,472
377,David Barral,ES1,11,0,3309,16,0,487370
378,David Carmona,ES1,0,0,90,0,0,368
379,David Cobeno,ES1,0,0,243,1,0,1101
380,David Concha,ES1,0,0,110,0,0,5448
381,David Costas,ES1,0,1,1688,7,0,21620
382,David Ferreiro,ES1,3,7,4818,10,0,385776
383,David Garcia,ES1,10,2,15879,44,0,68567
384,David Gil,ES1,0,0,360,0,0,10748
385,David Goldar,ES1,0,0,90,1,0,940
386,David Junca,ES1,0,11,5939,19,0,106875
387,David Lomban,ES1,7,0,8448,25,0,945323
388,David Lopez,ES1,8,6,12017,21,0,152814
389,David Navarro,ES1,0,0,3481,11,1,138088
390,David Silva,ES1,4,11,3564,8,1,35412
391,David Simon,ES1,1,3,4301,13,0,25488
392,David Soria,ES1,0,0,14580,9,0,551111
393,David Timor,ES1,7,1,5287,23,2,456823
394,David Zurutuza,ES1,8,6,8257,16,0,81720
395,Davy Roef,ES1,0,0,90,0,0,897
396,Deivid,ES1,0,0,1807,4,0,20853
397,Dejan Drazic,ES1,0,0,101,1,0,5640
398,Dejan Lekic,ES1,0,0,356,2,0,27594
399,Denis Cheryshev,ES1,12,21,7737,23,0,164541
400,Denis Suarez,ES1,14,34,13100,24,0,145144
401,Denis Vavro,ES1,0,0,616,1,0,58938
402,Dennis Eckert Ayensa,ES1,0,0,210,0,0,8460
403,Denys Boyko,ES1,0,0,270,0,0,3252
404,Derek Boateng,ES1,0,0,724,3,0,19929
405,Deyverson,ES1,16,3,4948,30,0,165145
406,Didac Vila,ES1,0,2,6883,29,0,80115
407,Didier Digard,ES1,0,0,490,3,0,2193
408,Diego Alende,ES1,0,0,39,0,0,940
409,Diego Alves,ES1,0,0,7452,9,0,87067
410,Diego Barri,ES1,0,0,112,0,0,2005
411,Diego Barrios,ES1,0,0,61,0,0,1244
412,Diego Carlos,ES1,6,1,8884,22,0,37536
413,Diego Castro,ES1,3,0,2263,7,0,118688
414,Diego Colotto,ES1,1,0,1976,2,1,16422
415,Diego Conde,ES1,0,0,5,0,0,3709
416,Diego Costa,ES1,10,9,3513,17,1,702
417,Diego Godin,ES1,10,5,13477,42,0,2028
418,Diego Gonzalez,ES1,3,0,4695,13,1,96421
419,Diego Lainez,ES1,0,3,1678,7,0,8250
420,Diego Llorente,ES1,8,2,11403,34,2,92329
421,Diego Lopez,ES1,0,0,13798,15,0,110670
422,Diego Mainz,ES1,3,0,2126,4,0,470260
423,Diego Marino,ES1,0,0,5130,2,0,190136
424,Diego Reyes,ES1,3,0,5521,8,0,50127
425,Diego Rico,ES1,3,2,6180,20,0,78426
426,Diego Rolan,ES1,5,0,2451,1,0,45620
427,Dimitri Foulquier,ES1,5,13,13277,45,0,2125947
428,Dimitrios Siovas,ES1,5,1,11411,30,0,314800
429,Diogo Figueiras,ES1,1,4,2118,9,0,10304
430,Diogo Salomao,ES1,1,0,286,0,0,5382
431,Djene,ES1,1,4,15642,48,3,656493
432,Domingo Cisma,ES1,0,1,2157,11,0,38275
433,Domingos Duarte,ES1,5,2,7680,21,2,1466624
434,Domingos Quina,ES1,2,0,513,1,0,142015
435,Dominik Greif,ES1,0,0,90,0,0,237
436,Doria,ES1,0,0,623,5,0,134360
437,Douglas,ES1,3,0,1830,7,0,51801
438,Douglas Luiz,ES1,0,0,1782,10,0,468198
439,Duda,ES1,3,3,2310,11,1,72628
440,Duje Cop,ES1,16,6,5021,11,0,116080
441,Dyego Sousa,ES1,0,0,165,1,0,16510
442,Eddy Silvestre,ES1,0,0,434,3,0,93173
443,Eden Hazard,ES1,4,8,2429,2,0,21318
444,Eder Militao,ES1,2,3,5546,11,1,28006
445,Edgar Badia,ES1,0,0,5400,2,0,91860
446,Edgar Gonzalez,ES1,1,1,1827,7,0,3900
447,Edgar Mendez,ES1,16,4,8863,36,0,470649
448,Edgar Sevikyan,ES1,0,0,7,0,0,3368
449,Edimar,ES1,0,1,1499,1,0,16881
450,Edinson Cavani,ES1,0,0,72,0,0,1049
451,Edu Albacar,ES1,3,3,1438,7,0,27558
452,Edu Campabadal,ES1,0,0,1087,6,0,13902
453,Edu Exposito,ES1,6,4,5290,8,0,108146
454,Eduardo Camavinga,ES1,2,1,1481,10,0,13376
455,Egor Filipenko,ES1,0,0,561,1,0,8672
456,El Bilal Toure,ES1,0,0,102,0,0,6604
457,El Hacen,ES1,0,0,84,0,0,4818
458,Elderson,ES1,1,0,197,0,0,7344
459,Eliaquim Mangala,ES1,2,0,3640,15,1,47205
460,Eliseo Falcon,ES1,0,0,74,2,0,3368
461,Eloi Amagat,ES1,0,0,13,0,0,24642
462,Emanuel Cecchini,ES1,0,0,28,1,0,2168
463,Emanuel Insua,ES1,0,0,1023,4,1,201540
464,Emerson Royal,ES1,4,10,6236,21,1,11343
465,Emiliano Buendia,ES1,1,0,864,6,1,85307
466,Emiliano Insua,ES1,1,2,1787,7,0,8441
467,Emiliano Martinez,ES1,0,0,360,0,0,14836
468,Emiliano Rigoni,ES1,1,1,1140,5,0,35213
469,Emiliano Velazquez,ES1,4,3,4602,20,1,147548
470,Emmanuel Apeh,ES1,0,0,12,0,0,1306
471,Emmanuel Boateng,ES1,7,0,1965,7,0,138088
472,Emmanuel Culio,ES1,0,1,557,2,1,5664
473,Emmanuel Riviere,ES1,0,1,803,3,1,4965
474,Emre Colak,ES1,4,9,3931,9,0,52923
475,Emre Mor,ES1,1,3,1515,7,0,41360
476,Enaut Zubikarai,ES1,0,0,1440,0,0,10896
477,Eneko Boveda,ES1,2,4,7354,10,0,90639
478,Eneko Capilla,ES1,0,0,19,0,0,2043
479,Enes Unal,ES1,40,12,10851,26,0,335953
480,Enis Bardhi,ES1,23,14,9917,27,0,498464
481,Enric Franquesa,ES1,0,1,615,1,0,53888
482,Enric Gallego,ES1,8,3,3385,11,1,132263
483,Enric Saborit,ES1,0,1,1872,6,0,17388
484,Enzo Perez,ES1,0,2,4495,31,1,63989
485,Enzo Roco,ES1,3,2,8221,27,0,126139
486,Enzo Zidane,ES1,0,0,71,0,0,2216
487,Eray Comert,ES1,0,0,659,3,1,12588
488,Eric Bailly,ES1,0,0,3231,17,0,40320
489,Eric Garcia,ES1,1,0,2426,5,1,4061
490,Erick Cabaco,ES1,2,1,5486,32,1,281034
491,Erik Exposito,ES1,1,0,584,0,0,12331
492,Erik Lamela,ES1,6,2,1371,8,0,9200
493,Erik Moran,ES1,0,1,1233,10,0,23634
494,Ermedin Demirovic,ES1,1,1,181,0,0,1583
495,Esteban Burgos,ES1,4,1,2231,8,0,44457
496,Esteban Granero,ES1,5,6,7829,43,1,91323
497,Esteban Rolon,ES1,0,0,422,1,0,8672
498,Esteban Saveljich,ES1,0,0,1709,4,0,7707
499,Etienne Capoue,ES1,2,1,3992,14,1,54600
500,Eugeni,ES1,0,0,114,0,0,16074
501,Ever Banega,ES1,17,20,11483,54,2,57040
502,Ez Abde,ES1,1,1,640,4,0,2303
503,Ezequiel Garay,ES1,5,0,7945,18,0,96508
504,Ezequiel Munoz,ES1,0,1,1526,2,0,26124
505,Ezequiel Ponce,ES1,4,1,2073,7,1,448964
506,Ezequiel Rescaldani,ES1,0,0,33,1,0,1084
507,Fabian Orellana,ES1,35,32,16020,54,2,219371
508,Fabian Ruiz,ES1,3,7,3250,3,0,7500
509,Fabian Schar,ES1,2,2,2221,10,0,22425
510,Fabio Coentrao,ES1,0,1,579,1,1,5016
511,Fabio Espinho,ES1,0,0,86,0,0,2168
512,Fabio Gonzalez,ES1,0,0,65,1,0,472
513,Fabri,ES1,0,0,2880,2,0,28044
514,Fabrizio Angileri,ES1,0,0,322,1,1,14836
515,Facundo Ferreyra,ES1,3,0,1064,9,0,30070
516,Facundo Pellistri,ES1,0,0,1203,0,0,36564
517,Facundo Roncaglia,ES1,4,3,8398,26,1,79366
518,Fahad Al Muwallad,ES1,0,0,26,0,0,6736
519,Fali,ES1,0,3,4645,18,0,174655
520,Fausto Rossi,ES1,0,1,1456,5,0,23832
521,Fausto Tienza,ES1,0,0,1234,8,0,6289
522,Faycal Fajr,ES1,7,14,9377,18,0,260634
523,Fede Cartabia,ES1,9,9,5014,22,0,75248
524,Fede San Emeterio,ES1,0,0,4297,15,0,63613
525,Fede Vico,ES1,2,1,2560,4,0,658070
526,Federico Barba,ES1,0,1,450,3,0,1830
527,Federico Fazio,ES1,0,0,295,2,0,1472
528,Federico Piovaccari,ES1,5,1,1590,6,2,42924
529,Federico Ricca,ES1,1,3,3370,13,0,46612
530,Federico Valverde,ES1,8,8,7392,9,0,67508
531,Fedor Smolov,ES1,2,0,749,4,0,13160
532,Felipe,ES1,3,1,5741,20,1,1079
533,Felipe Caicedo,ES1,19,3,5324,14,0,66402
534,Felipe Gutierrez,ES1,1,0,753,3,0,2100
535,Felipe Mattioni,ES1,0,0,54,1,0,3570
536,Fer Nino,ES1,5,0,1549,4,0,30160
537,Ferland Mendy,ES1,4,5,6137,17,0,32604
538,Fernando,ES1,6,8,7548,27,0,34960
539,Fernando Amorebieta,ES1,0,1,2221,17,0,66096
540,Fernando Calero,ES1,1,0,5611,13,1,38880
541,Fernando Llorente,ES1,4,3,1161,4,0,8464
542,Fernando Martinez,ES1,0,0,540,0,0,19812
543,Fernando Navarro,ES1,0,2,7519,18,0,75164
544,Fernando Pacheco,ES1,0,0,18508,8,1,230464
545,Fernando Soriano,ES1,3,1,1442,9,0,92456
546,Fernando Tissone,ES1,0,0,1320,9,0,20596
547,Fernando Torres,ES1,27,10,4956,12,0,1391
548,Ferran Corominas,ES1,0,1,1197,3,0,52054
549,Ferran Torres,ES1,10,11,4995,12,0,77976
550,Ferro,ES1,0,0,181,0,0,3147
551,Fidel,ES1,12,10,6257,20,0,125871
552,Filip Bradaric,ES1,0,0,708,2,1,13160
553,Filip Malbasic,ES1,0,2,850,2,0,75236
554,Filipe Augusto,ES1,0,0,141,2,0,6294
555,Filipe Luis,ES1,7,15,9540,24,1,1469
556,Florent Poulolo,ES1,0,0,1,0,0,1108
557,Florentino,ES1,0,1,986,2,0,81598
558,Florian Lejeune,ES1,3,2,9051,29,0,124869
559,Florin Andone,ES1,23,6,6221,18,0,92497
560,Foued Kadir,ES1,0,0,481,1,0,1200
561,Fran Beltran,ES1,6,0,7840,13,1,125020
562,Fran Gamez,ES1,0,2,1766,5,0,5451
563,Fran Garcia,ES1,1,1,3566,4,0,14680
564,Fran Manzanara,ES1,0,0,155,0,0,12462
565,Fran Merida,ES1,1,1,2232,16,0,19718
566,Fran Rico,ES1,8,2,5220,24,0,1016966
567,Fran Serrano,ES1,0,0,140,0,0,1986
568,Fran Sol,ES1,0,0,17,0,0,2100
569,Fran Varela,ES1,0,1,909,3,0,2100
570,Fran Velez,ES1,0,1,1215,5,0,56134
571,Fran Villalba,ES1,0,0,3,1,0,1049
572,Francis Coquelin,ES1,4,4,6079,23,0,114389
573,Francis Guerrero,ES1,1,1,2782,4,0,5400
574,Francis Uzoho,ES1,0,0,180,0,0,2430
575,Francisco Molinero,ES1,0,1,1767,10,0,40240
576,Francisco Montero,ES1,0,0,401,2,0,9873
577,Francisco Portillo,ES1,3,10,6277,17,1,379133
578,Francisco Trincao,ES1,3,2,684,1,0,3668
579,Franck Kessie,ES1,0,0,82,1,0,524
580,Franck Tabanou,ES1,0,0,367,3,0,100770
581,Franco Cervi,ES1,4,5,2316,5,1,36660
582,Franco Di Santo,ES1,0,0,169,1,1,2202
583,Franco Fragapane,ES1,0,0,24,0,0,1531
584,Franco Russo,ES1,1,0,1464,7,0,4503
585,Franco Vazquez,ES1,18,13,7462,27,1,51520
586,Fredy Hinestroza,ES1,2,2,1831,6,0,122397
587,Frenkie De Jong,ES1,9,9,8117,15,0,13624
588,Gabi,ES1,1,9,10730,44,0,1781
589,Gabri Veiga,ES1,1,1,153,2,0,5640
590,Gabriel Fernandez,ES1,1,1,555,5,0,18800
591,Gabriel Mercado,ES1,5,5,6047,29,0,28704
592,Gabriel Paulista,ES1,7,6,14117,29,0,173104
593,Gabriel Penalba,ES1,0,0,572,3,0,3304
594,Gabriel Pires,ES1,10,4,5158,15,1,78372
595,Gabriel Silva,ES1,0,0,977,3,0,201540
596,Gael Kakuta,ES1,8,8,4371,4,0,26955
597,Gaizka Larrazabal,ES1,0,0,244,0,0,6210
598,Gaizka Toquero,ES1,1,1,1288,4,0,27968
599,Gaku Shibasaki,ES1,1,0,1391,3,0,107561
600,Ganso,ES1,4,1,1009,0,0,6624
601,Gareth Bale,ES1,66,31,10714,22,1,62282
602,Garry Rodrigues,ES1,2,1,1557,8,0,47461
603,Gaspar Panadero,ES1,0,0,5,0,0,3302
604,Gaston Alvarez,ES1,2,0,315,0,0,14836
605,Gaston Silva,ES1,0,0,2347,8,0,433786
606,Gavi,ES1,2,6,2724,11,0,5240
607,Gelson Martins,ES1,0,0,223,0,0,104
608,Geoffrey Kondogbia,ES1,7,12,8866,36,0,86759
609,Gerard Deulofeu,ES1,2,7,1284,1,0,7566
610,Gerard Gumbau,ES1,2,5,4966,25,1,108044
611,Gerard Moreno,ES1,103,28,19543,32,0,234948
612,Gerard Pique,ES1,18,7,19718,67,0,29868
613,Gerard Valentin,ES1,0,0,158,0,0,2691
614,German Lux,ES1,0,0,5393,11,1,54717
615,German Pezzella,ES1,5,1,7682,25,2,13350
616,German Sanchez,ES1,7,2,7231,34,1,1578730
617,German Valera,ES1,0,0,3,0,0,13
618,Geronimo Rulli,ES1,0,0,16962,21,1,143469
619,Giampaolo Pazzini,ES1,1,0,444,1,0,30312
620,Giannelli Imbula,ES1,1,1,1739,7,0,8074
621,Giedrius Arlauskis,ES1,0,0,225,0,0,2142
622,Gil Dias,ES1,0,1,351,1,0,201540
623,Giorgi Kochorashvili,ES1,0,0,1,0,0,3368
624,Giorgi Mamardashvili,ES1,0,0,2160,2,0,25176
625,Giovani Dos Santos,ES1,1,3,1388,5,0,27300
626,Giovani Lo Celso,ES1,11,6,3780,7,0,26850
627,Giovanni Gonzalez,ES1,1,0,363,1,0,2133
628,Giuseppe Rossi,ES1,10,3,1951,2,0,74176
629,Goncalo Guedes,ES1,28,27,10070,13,1,152105
630,Goncalo Paciencia,ES1,1,0,152,0,0,2820
631,Gonzalo Escalante,ES1,15,8,11160,49,1,244187
632,Gonzalo Melero,ES1,18,6,6177,15,0,400722
633,Gonzalo Montiel,ES1,1,3,1224,8,0,7360
634,Gonzalo Pereira,ES1,0,0,12,0,0,3368
635,Gonzalo Plata,ES1,0,0,245,0,0,1464
636,Gonzalo Verdu,ES1,0,2,4359,21,1,81143
637,Gonzalo Villar,ES1,0,1,291,0,0,37090
638,Goran Causic,ES1,1,2,2004,4,0,8606
639,Gorka Elustondo,ES1,2,0,2007,3,0,22847
640,Gorka Guruzeta,ES1,2,0,147,0,0,6699
641,Gorka Iraizoz,ES1,0,0,9031,5,1,251163
642,Grzegorz Krychowiak,ES1,2,1,4986,19,1,21344
643,Guido Carrillo,ES1,12,5,5358,13,0,146214
644,Guido Pizarro,ES1,1,0,1754,9,0,8832
645,Guido Rodriguez,ES1,3,2,6876,24,0,13050
646,Guilherme,ES1,2,1,4925,17,0,54717
647,Guilherme Arana,ES1,0,0,825,3,0,4416
648,Guilherme Siqueira,ES1,1,3,3812,13,0,25514
649,Guillermo Fernandez,ES1,0,0,552,2,0,8694
650,Guillermo Maripan,ES1,2,2,3625,9,0,47644
651,Guillermo Ochoa,ES1,0,0,4373,2,0,650134
652,Gustavo Cabral,ES1,4,3,11727,39,1,132540
653,Hachim Mastour,ES1,0,0,5,0,0,1084
654,Haris Medunjanin,ES1,2,0,1479,5,0,21528
655,Hatem Ben Arfa,ES1,0,0,158,1,0,1830
656,Hector Bellerin,ES1,0,2,2100,2,1,3712
657,Hector Hernandez,ES1,0,3,1589,3,0,231033
658,Hector Herrera,ES1,0,3,2652,7,0,754
659,Hector Moreno,ES1,3,2,4243,9,0,36039
660,Hector Rodas,ES1,0,0,566,2,0,23576
661,Hector Yuste,ES1,0,0,312,3,0,100770
662,Heiko Westermann,ES1,1,0,1634,7,0,3000
663,Helder Costa,ES1,0,2,1256,3,0,28460
664,Helder Lopes,ES1,0,1,1231,3,0,7080
665,Helder Postiga,ES1,1,1,716,5,0,12558
666,Heldon,ES1,0,1,526,4,0,13902
667,Helibelton Palacios,ES1,0,0,2987,6,0,62771
668,Henok Goitom,ES1,0,0,124,0,0,7418
669,Hernan Perez,ES1,11,3,5545,24,0,73198
670,Hernan Santana,ES1,1,0,1567,8,0,16520
671,Hernan Toledo,ES1,0,1,617,2,0,7080
672,Hernani,ES1,2,0,643,3,0,67360
673,Hiroshi Kiyotake,ES1,1,2,286,0,0,1472
674,Houboulang Mendes,ES1,0,0,16,0,0,3302
675,Hugo Duro,ES1,9,6,2915,6,0,112114
676,Hugo Fraile,ES1,0,0,83,0,0,7344
677,Hugo Guillamon,ES1,2,3,5340,23,1,70334
678,Hugo Mallo,ES1,9,18,20316,72,1,224660
679,Iago Aspas,ES1,128,43,20409,60,0,232428
680,Iago Bouzon,ES1,0,0,225,2,0,2979
681,Iago Herrerin,ES1,0,1,6295,1,1,57174
682,Ian Gonzalez,ES1,0,0,13,0,0,3709
683,Ibai Gomez,ES1,16,15,8416,8,0,133218
684,Ibrahim Amadou,ES1,0,0,1530,4,0,18696
685,Iddrisu Baba,ES1,1,0,4936,15,0,15642
686,Idrissa Doumbia,ES1,0,0,770,4,0,123234
687,Ignacio Camacho,ES1,8,5,7364,35,0,89972
688,Ignasi Miquel,ES1,0,0,2092,6,1,47643
689,Igor Lichnovsky,ES1,0,0,180,0,0,4896
690,Igor Zubeldia,ES1,2,6,11025,35,0,101850
691,Ikechukwu Uche,ES1,6,1,1462,2,0,27402
692,Iker Casillas,ES1,0,0,2880,0,0,13376
693,Iker Hernandez,ES1,0,0,10,0,0,681
694,Iker Losada,ES1,1,0,11,0,0,1880
695,Iker Muniain,ES1,35,28,16261,32,1,141588
696,Ilaix Moriba,ES1,1,3,1440,12,0,18618
697,Imanol Agirretxe,ES1,20,1,3342,2,0,39498
698,Imanol Corral,ES1,0,0,1,0,0,1533
699,Imanol Garcia,ES1,0,0,526,1,0,4765
700,Imanol Sarriegi,ES1,0,0,37,1,0,3322
701,Imoh Ezekiel,ES1,0,0,468,0,0,4720
702,Inaki Williams,ES1,56,38,20241,22,0,172638
703,Inigo Barrenetxea,ES1,0,0,3,0,0,3066
704,Inigo Cordoba,ES1,2,10,4536,10,0,57436
705,Inigo Eguaras,ES1,0,1,261,2,0,13208
706,Inigo Lekue,ES1,3,7,8575,13,0,88182
707,Inigo Lopez,ES1,0,0,1793,10,0,20853
708,Inigo Martinez,ES1,12,6,22141,71,1,161229
709,Inigo Perez,ES1,3,1,2761,8,0,17874
710,Inigo Ruiz De Galarreta,ES1,0,0,1534,5,0,6162
711,Inigo Vicente,ES1,0,0,49,0,0,1863
712,Ion Ansotegi,ES1,0,0,2252,6,0,25203
713,Isaac Cuenca,ES1,6,4,3976,5,0,645634
714,Isaac Success,ES1,7,5,3851,13,0,832711
715,Isco,ES1,29,37,11481,23,1,91292
716,Isi Palazon,ES1,4,4,2644,8,0,14313
717,Isma Lopez,ES1,2,3,4219,13,0,141984
718,Isma Ruiz,ES1,0,0,281,1,0,134360
719,Ismail Koybasi,ES1,0,0,230,1,0,67180
720,Issam El Adoua,ES1,0,0,289,0,0,13472
721,Ivan Alejo,ES1,4,6,3487,21,1,177538
722,Ivan Balliu,ES1,1,2,3688,11,1,15047
723,Ivan Cavaleiro,ES1,3,3,2389,6,0,30498
724,Ivan Cuellar,ES1,0,2,14756,21,0,285888
725,Ivan Fresneda,ES1,0,0,152,0,0,732
726,Ivan Lopez,ES1,0,3,3222,5,0,141456
727,Ivan Marcone,ES1,0,0,3458,15,0,81143
728,Ivan Marquez,ES1,0,1,360,4,0,4007
729,Ivan Rakitic,ES1,32,36,18579,34,0,54168
730,Ivan Ramis,ES1,7,2,8077,27,2,180221
731,Ivan Rodriguez,ES1,0,0,19,1,0,1084
732,Ivan Romero,ES1,0,0,178,0,0,1840
733,Ivan Sanchez,ES1,0,0,260,0,0,1830
734,Ivan Saponjic,ES1,1,0,391,2,0,24209
735,Ivan Villar,ES1,0,0,2148,1,0,24608
736,Ivi Lopez,ES1,4,3,1904,4,0,128442
737,Ivo Grbic,ES1,0,0,95,0,0,26
738,Iza Carcelen,ES1,0,2,4199,5,0,155846
739,Izet Hajrovic,ES1,0,0,172,0,0,10731
740,Jackson Martinez,ES1,2,2,654,0,0,195
741,Jacobo Gonzalez,ES1,0,0,83,1,0,1654
742,Jaime Gavilan,ES1,0,1,69,1,0,6736
743,Jaime Jimenez,ES1,0,0,450,0,0,7665
744,Jaime Mata,ES1,31,10,7932,39,1,471043
745,Jaime Romero,ES1,0,4,894,1,0,6289
746,Jaime Seoane,ES1,1,1,2286,5,0,177636
747,Jaime Sierra,ES1,0,0,26,0,0,13565
748,Jairo Izquierdo,ES1,1,0,1267,4,0,80610
749,Jairo Morillas,ES1,0,0,63,0,0,2142
750,Jairo Samperio,ES1,0,0,558,1,0,5192
751,Jakub Jankto,ES1,0,2,583,1,0,51926
752,James Rodriguez,ES1,29,28,5411,8,0,35530
753,Jan Oblak,ES1,0,1,24402,7,0,3536
754,Jason,ES1,4,12,6544,24,0,311482
755,Jasper Cillessen,ES1,0,2,4905,2,0,54154
756,Jaume Costa,ES1,4,10,14803,62,2,177428
757,Jaume Domenech,ES1,0,0,6795,5,0,79724
758,Javi Alamo,ES1,0,0,11,0,0,662
759,Javi Castellano,ES1,0,0,1749,4,0,13688
760,Javi Diaz,ES1,0,0,180,0,0,736
761,Javi Eraso,ES1,6,6,5146,14,0,97631
762,Javi Fuego,ES1,4,1,9735,41,0,115061
763,Javi Galan,ES1,1,8,8348,22,0,324394
764,Javi Garcia,ES1,1,0,3303,8,1,7950
765,Javi Guerra,ES1,17,2,3006,8,0,28038
766,Javi Hernandez,ES1,0,0,32,0,0,49284
767,Javi Lara,ES1,1,4,1692,3,0,47523
768,Javi Lopez,ES1,0,4,11241,38,1,115132
769,Javi Marquez,ES1,0,2,3155,13,0,856545
770,Javi Martinez,ES1,2,2,1340,2,0,13240
771,Javi Moyano,ES1,0,0,4337,7,0,19398
772,Javi Munoz,ES1,0,0,53,0,0,1108
773,Javi Noblejas,ES1,0,0,90,1,0,3709
774,Javi Ontiveros,ES1,6,6,3051,15,0,175516
775,Javi Puado,ES1,4,2,2906,5,0,35700
776,Javi Sanchez,ES1,0,2,1912,7,0,11554
777,Javi Varas,ES1,0,0,4961,1,1,26432
778,Javier Aquino,ES1,0,2,1318,3,1,9175
779,Javier Aviles,ES1,1,1,178,1,0,8123
780,Javier Espinosa,ES1,2,0,1006,4,0,55830
781,Javier Flano,ES1,0,0,131,0,0,1324
782,Javier Garrido,ES1,0,1,1575,2,0,8496
783,Javier Llabres,ES1,0,0,16,0,0,237
784,Javier Mascherano,ES1,1,3,7358,22,2,12052
785,Javier Pastore,ES1,0,0,527,2,0,21434
786,Jawad El Yamiq,ES1,0,1,1486,6,1,7686
787,Jean Carlos Silva,ES1,0,0,29,0,0,16795
788,Jean Clair Todibo,ES1,0,0,235,2,0,524
789,Jean Sylvain Babin,ES1,5,1,6982,9,0,1044761
790,Jefferson Lerma,ES1,1,3,4826,26,0,198712
791,Jefferson Montero,ES1,0,0,55,0,0,14836
792,Jeison Murillo,ES1,3,0,8516,30,1,402169
793,Jens Jonsson,ES1,0,1,3953,9,0,153159
794,Jeremias Ledesma,ES1,0,0,6840,4,0,204212
795,Jeremie Boga,ES1,2,1,1452,0,0,436670
796,Jeremy Mathieu,ES1,3,2,4407,7,0,8122
797,Jese,ES1,13,8,3301,9,0,28044
798,Jesus Areso,ES1,0,0,188,1,0,993
799,Jesus Fernandez,ES1,0,0,630,1,0,37003
800,Jesus Gamez,ES1,0,2,1807,6,0,312
801,Jesus Navas,ES1,2,21,12725,23,0,58512
802,Jesus Vallejo,ES1,1,0,3257,5,2,528119
803,Jesus Vazquez,ES1,0,0,949,1,0,17833
804,Jhon Cordoba,ES1,4,0,1410,7,0,436670
805,Jhon Mondragon,ES1,2,0,429,0,0,1492
806,Joan Garcia,ES1,0,0,107,0,0,1428
807,Joan Jordan,ES1,14,17,13587,42,0,157891
808,Joan Monterde,ES1,0,0,8,0,0,3368
809,Joan Sastre,ES1,0,2,1615,5,0,6162
810,Joan Verdu,ES1,1,1,907,0,0,43784
811,Joao Cancelo,ES1,2,8,5151,17,0,77626
812,Joao Felix,ES1,21,14,4994,17,0,1144
813,Joaquin,ES1,24,25,11663,23,0,30900
814,Joaquin Correa,ES1,5,1,2511,11,0,17296
815,Joaquin Fernandez,ES1,4,0,5088,19,0,23424
816,Joaquin Larrivey,ES1,11,2,2211,5,0,32900
817,Joaquin Munoz,ES1,0,0,1,0,0,5358
818,Joel Campbell,ES1,3,1,1420,2,0,18000
819,Joel Robles,ES1,0,0,4958,5,1,8400
820,Johan Mojica,ES1,2,9,6509,15,1,465194
821,Johannes Geis,ES1,0,1,670,0,0,5152
822,John Guidetti,ES1,17,6,4828,19,0,132952
823,John Joe Patrick Finn,ES1,0,0,59,0,0,22254
824,John Nwankwo,ES1,0,0,151,0,1,4593
825,Jokin Ezkieta,ES1,0,0,90,0,0,621
826,Jon Ander Garrido,ES1,0,0,791,1,0,61801
827,Jon Ander Serantes,ES1,0,0,1200,2,0,17416
828,Jon Aurtenetxe,ES1,0,0,286,0,0,2484
829,Jon Bautista,ES1,6,1,1524,6,0,61060
830,Jon Errasti,ES1,0,0,1725,3,0,38325
831,Jon Gaztanaga,ES1,0,0,172,2,0,3405
832,Jon Guridi,ES1,1,1,1151,2,0,20857
833,Jon Karrikaburu,ES1,0,0,54,1,0,2724
834,Jon Moncayola,ES1,5,3,7455,14,0,34755
835,Jon Morcillo,ES1,2,3,1392,2,0,21735
836,Jon Pacheco,ES1,0,0,665,1,0,13243
837,Jon Toral,ES1,0,0,267,2,0,83975
838,Jonas Gutierrez,ES1,0,1,390,2,0,13455
839,Jonas Martin,ES1,2,0,1156,5,0,3000
840,Jonas Ramalho,ES1,1,0,4465,7,0,594056
841,Jonathan Bijimine,ES1,0,0,43,0,0,993
842,Jonathan Calleri,ES1,24,10,9361,23,0,82689
843,Jonathan Dos Santos,ES1,4,5,5602,13,0,92400
844,Jonathan Lopez,ES1,0,0,360,1,0,14836
845,Jonathan Pereira,ES1,0,0,114,1,0,1101
846,Jonathan Rodriguez,ES1,0,0,565,2,0,11661
847,Jonathan Silva,ES1,4,8,5708,26,1,111753
848,Jonathan Viera,ES1,21,18,7699,12,0,42480
849,Jonathan Zongo,ES1,2,0,1556,3,0,89154
850,Jonathas,ES1,21,9,4629,20,0,70441
851,Joni Montiel,ES1,0,0,207,0,0,2936
852,Jonny Otto,ES1,3,10,11329,37,1,129720
853,Jony,ES1,11,21,8196,11,0,166734
854,Jordi Alba,ES1,13,54,20618,55,0,32488
855,Jordi Amat,ES1,0,0,4816,18,1,15127
856,Jordi Calavera,ES1,0,0,1,0,0,1533
857,Jordi Codina,ES1,0,0,450,0,0,18545
858,Jordi Figueras,ES1,0,0,167,1,0,450
859,Jordi Masip,ES1,0,0,8730,6,0,35267
860,Jordi Mboula,ES1,0,0,433,2,0,2607
861,Jordi Xumetra,ES1,0,2,1488,8,0,104408
862,Jorge Cuenca,ES1,1,0,2687,6,2,118688
863,Jorge De Frutos,ES1,8,17,4009,7,0,209914
864,Jorge Mere,ES1,0,0,4947,13,1,137088
865,Jorge Miramon,ES1,2,7,8636,14,1,453756
866,Jorge Molina,ES1,45,20,11824,26,1,1546082
867,Jorge Morcillo,ES1,1,0,742,5,1,4771
868,Jorge Pulido,ES1,4,3,5677,15,2,348270
869,Jorge Saenz,ES1,0,0,370,3,1,6580
870,Jorgen Strand Larsen,ES1,0,1,218,1,0,2820
871,Joris Gnagnon,ES1,0,0,445,2,0,2576
872,Josan,ES1,6,5,3223,7,0,105639
873,Jose Alberto Canas,ES1,0,0,2898,18,0,29988
874,Jose Alonso Lara,ES1,0,0,9,0,0,368
875,Jose Angel,ES1,0,0,660,6,0,19903
876,Jose Angel Carmona,ES1,2,1,219,3,0,1472
877,Jose Antonio Caro,ES1,0,0,245,0,0,1098
878,Jose Antonio Martinez,ES1,0,1,1187,0,0,335900
879,Jose Antonio Reyes,ES1,7,10,3280,12,0,30818
880,Jose Campana,ES1,10,24,11280,32,1,461416
881,Jose Carlos,ES1,0,0,18,0,0,993
882,Jose Carlos Lazo,ES1,0,0,38,0,0,4016
883,Jose Carlos Ramirez,ES1,0,0,498,0,0,2192
884,Jose Copete,ES1,0,0,447,3,0,1185
885,Jose Crespo,ES1,0,0,2882,10,0,30114
886,Jose Fontan,ES1,0,0,273,3,0,8460
887,Jose Gaya,ES1,6,27,19364,61,1,245466
888,Jose Luis Morales,ES1,63,32,19589,35,0,861772
889,Jose Manuel Arnaiz,ES1,2,1,1232,4,0,27157
890,Jose Manuel Casado,ES1,0,1,411,4,0,26416
891,Jose Manuel Jurado,ES1,3,7,3965,2,0,42840
892,Jose Mari,ES1,1,0,3447,17,0,186987
893,Jose Maria Gimenez,ES1,4,6,14412,42,0,2301
894,Jose Maria Lopez Silva,ES1,0,0,346,1,0,7944
895,Jose Matos,ES1,0,0,90,0,0,368
896,Jose Naranjo,ES1,1,0,561,2,0,19904
897,Jose Pozo,ES1,3,0,1623,4,0,11744
898,Jose Rodriguez,ES1,2,1,1961,8,0,28929
899,Joseba Zaldua,ES1,2,10,13470,49,1,150144
900,Joselu,ES1,44,12,10381,15,0,144104
901,Josep Sene,ES1,0,3,1201,2,0,21162
902,Joseph Aidoo,ES1,0,2,6963,9,0,89300
903,Josip Radosevic,ES1,0,0,406,3,0,12264
904,Jota,ES1,1,0,665,1,0,6222
905,Jota Peleteiro,ES1,0,2,2304,6,0,53078
906,Jozabed Sanchez,ES1,13,10,6961,15,0,77570
907,Juan Aguilera,ES1,0,0,347,1,0,32148
908,Juan Cala,ES1,6,3,7447,39,0,386197
909,Juan Carlos,ES1,0,0,5587,5,0,118659
910,Juan Carlos Real,ES1,0,1,347,0,0,82164
911,Juan Carlos Valeron,ES1,0,0,375,0,0,6136
912,Juan Cruz,ES1,0,0,4447,9,0,19289
913,Juan Dominguez,ES1,1,0,1431,3,0,24219
914,Juan Foyth,ES1,1,1,3336,11,0,46200
915,Juan Hernandez,ES1,0,0,85,0,0,4700
916,Juan Iglesias,ES1,1,1,1198,2,0,96434
917,Juan Manuel Vargas,ES1,2,2,1718,7,0,3000
918,Juan Miranda,ES1,1,4,2435,7,0,5400
919,Juan Muniz,ES1,0,0,58,1,0,9792
920,Juan Munoz,ES1,1,1,333,0,0,3312
921,Juan Perez,ES1,0,0,630,0,0,2317
922,Juan Rafael Fuentes,ES1,0,1,3929,13,0,28475
923,Juan Rodriguez,ES1,1,1,5519,18,0,264536
924,Juan Soriano,ES1,0,0,1350,4,0,15156
925,Juan Valera,ES1,0,0,988,3,0,44508
926,Juan Villar,ES1,1,0,234,1,0,3310
927,Juanan Entrena,ES1,0,0,102,0,0,33921
928,Juanfran,ES1,0,1,2945,14,0,124616
929,Juanfran Moreno,ES1,3,12,12821,15,0,151501
930,Juanfran Torres,ES1,1,10,11027,24,0,1716
931,Juanjo Camacho,ES1,0,0,34,0,0,16074
932,Juanjo Narvaez,ES1,0,0,339,0,0,1782
933,Juankar,ES1,3,7,5441,17,1,414483
934,Juanmi,ES1,53,12,10404,30,0,110701
935,Juanmi Latasa,ES1,0,0,1,0,0,3709
936,Juanpe,ES1,5,1,6373,17,0,911754
937,Juanpi Anor,ES1,8,5,4564,17,0,153060
938,Julen Agirrezabala,ES1,0,0,360,0,0,2484
939,Julen Lobete,ES1,2,0,275,0,0,8853
940,Jules Kounde,ES1,5,5,8289,12,2,35353
941,Julian Cuesta,ES1,0,0,1350,2,0,49530
942,Julian Luque,ES1,0,0,27,0,0,714
943,Julio Gracia,ES1,0,0,21,0,0,300
944,Junior Alonso,ES1,0,0,534,2,0,8460
945,Junior Firpo,ES1,7,9,4422,17,0,8844
946,Justin Kluivert,ES1,0,0,44,0,0,2098
947,Kaiky,ES1,0,0,259,3,0,13208
948,Kalu Uche,ES1,5,2,874,1,0,53888
949,Kang In Lee,ES1,4,9,3652,9,2,54688
950,Karim Benzema,ES1,150,71,20358,5,0,108680
951,Karim Rekik,ES1,1,2,2006,5,0,12144
952,Karim Yoda,ES1,4,1,2007,3,0,133524
953,Karl Toko Ekambi,ES1,16,4,3143,5,0,54600
954,Kasper Dolberg,ES1,0,0,33,0,0,368
955,Keidi Bare,ES1,1,2,1537,9,0,19992
956,Keko Gontan,ES1,5,10,6126,16,0,100585
957,Kenan Kodro,ES1,10,2,2472,6,0,30538
958,Kenedy,ES1,5,6,2065,5,0,541097
959,Kenneth Omeruo,ES1,1,1,4312,12,0,63444
960,Kepa Arrizabalaga,ES1,0,0,4716,4,0,32913
961,Kevin Gameiro,ES1,59,18,10106,3,0,115065
962,Kevin Prince Boateng,ES1,10,4,2232,13,1,13609
963,Kevin Rodrigues,ES1,3,5,5683,9,0,90477
964,Kevin Soni,ES1,0,0,17,0,0,13002
965,Kevin Vazquez,ES1,0,2,3449,12,0,43240
966,Keylor Navas,ES1,0,0,9360,4,0,43472
967,Kieran Trippier,ES1,0,10,5436,3,0,884
968,Kike Barja,ES1,4,5,2694,4,0,21883
969,Kike Garcia,ES1,41,7,12132,20,0,247458
970,Kike Perez,ES1,2,1,2360,6,0,31880
971,Kike Sola,ES1,0,0,186,0,0,6210
972,Kiko Casilla,ES1,0,0,6790,7,1,58302
973,Kiko Femenia,ES1,0,2,2794,5,0,38548
974,Kiko Olivas,ES1,2,2,6217,9,0,27450
975,Koba Koindredi,ES1,0,0,177,1,0,10490
976,Koke,ES1,24,55,23091,56,0,3588
977,Koke Vegas,ES1,0,0,360,0,0,13472
978,Lacina Traore,ES1,2,0,463,2,0,19584
979,Lago Junior,ES1,4,0,2209,3,0,9006
980,Landry Dimata,ES1,0,0,534,0,0,12138
981,Largie Ramazani,ES1,2,0,502,1,0,19812
982,Lass Bangoura,ES1,0,3,1751,8,0,241369
983,Laure,ES1,0,0,3327,10,1,43953
984,Lazaro,ES1,0,0,81,0,0,6604
985,Leandro Cabrera,ES1,6,1,10443,27,0,261671
986,Leandro Chichizola,ES1,0,0,2520,2,0,16453
987,Leandro Damiao,ES1,0,0,129,0,0,450
988,Lei Wu,ES1,8,2,3247,4,0,51408
989,Leo Baptistao,ES1,26,12,8504,14,0,101359
990,Leo Roman,ES1,0,0,180,0,0,474
991,Leo Suarez,ES1,2,0,562,0,0,12366
992,Leonardo Koutris,ES1,0,0,93,0,0,474
993,Levy Madinda,ES1,0,0,54,1,0,5640
994,Lica,ES1,0,3,1306,2,0,7707
995,Lillo Castellano,ES1,0,0,5419,30,0,125377
996,Lionel Carole,ES1,0,1,540,0,0,2208
997,Lionel Messi,ES1,231,109,20545,27,0,31833
998,Lisandro Magallan,ES1,1,1,1197,4,0,18836
999,Ljubomir Fejsa,ES1,0,1,791,2,0,14404
1000,Lluis Lopez,ES1,0,0,299,1,0,2856
1001,Lluis Sastre,ES1,0,0,207,0,0,22676
1002,Loic Remy,ES1,8,0,1218,5,0,46463
1003,Loren Moron,ES1,25,3,6610,12,1,31944
1004,Loukas Vyntra,ES1,0,0,2367,4,1,90936
1005,Luca De La Torre,ES1,0,0,18,0,0,2820
1006,Luca Sangalli,ES1,1,5,1385,0,0,19749
1007,Luca Zidane,ES1,0,0,826,0,1,4404
1008,Lucas Boye,ES1,14,6,4966,14,0,108673
1009,Lucas Digne,ES1,0,2,1877,5,0,3799
1010,Lucas Hernandez,ES1,1,1,5323,15,0,871
1011,Lucas Ocampos,ES1,25,11,7664,21,0,36800
1012,Lucas Olaza,ES1,3,11,7448,17,0,73463
1013,Lucas Orban,ES1,1,1,1684,9,1,40525
1014,Lucas Perez,ES1,52,30,14554,20,0,236102
1015,Lucas Robertone,ES1,0,1,446,1,0,19812
1016,Lucas Silva,ES1,0,0,334,0,0,3344
1017,Lucas Torreira,ES1,1,0,504,2,0,247
1018,Lucas Torro,ES1,1,1,4768,15,0,21184
1019,Lucas Vazquez,ES1,22,38,13307,30,0,105908
1020,Luciano,ES1,4,2,1169,3,0,31100
1021,Luciano Vietto,ES1,21,10,4959,13,0,56339
1022,Ludwig Augustinsson,ES1,0,1,788,3,0,6992
1023,Luis Advincula,ES1,1,4,2392,6,0,10276
1024,Luis Alberto,ES1,8,8,2680,3,0,42273
1025,Luis Farina,ES1,1,0,1244,1,1,19938
1026,Luis Hernandez,ES1,1,2,10048,22,0,206862
1027,Luis Martins,ES1,0,0,218,0,0,83975
1028,Luis Maximiano,ES1,0,0,3137,2,0,587825
1029,Luis Milla,ES1,4,4,4071,7,0,843459
1030,Luis Munoz,ES1,0,0,381,0,0,19512
1031,Luis Muriel,ES1,8,2,1726,5,0,12880
1032,Luis Perea,ES1,0,0,38,0,0,1770
1033,Luis Perez,ES1,0,0,1685,2,0,9882
1034,Luis Rioja,ES1,5,5,6866,10,0,110800
1035,Luis Suarez,ES1,189,83,24805,60,0,1100772
1036,Luisinho,ES1,1,4,9295,42,0,163863
1037,Luismi,ES1,0,0,173,1,0,17209
1038,Luiz Felipe,ES1,0,0,285,0,0,600
1039,Luiz Henrique,ES1,0,1,254,0,0,600
1040,Luka Jović,ES1,3,4,930,3,0,15048
1041,Luka Modric,ES1,19,42,17578,36,1,97394
1042,Luka Romero,ES1,0,0,7,0,0,418
1043,Lumor,ES1,1,1,1809,5,0,5451
1044,Luso,ES1,1,1,1396,4,0,17874
1045,Luuk De Jong,ES1,16,2,3966,6,0,28143
1046,Maksym Koval,ES1,0,0,122,0,1,1794
1047,Malcom,ES1,1,2,608,0,0,1965
1048,Mamadou Kone,ES1,0,0,169,0,0,6220
1049,Mamadou Loum,ES1,2,0,2317,10,0,35456
1050,Mamadou Sylla,ES1,0,0,963,6,0,28804
1051,Mamor Niang,ES1,0,0,21,0,0,3709
1052,Mane,ES1,0,0,282,0,0,16510
1053,Manolo Reina,ES1,0,0,5130,8,0,13509
1054,Manu Del Moral,ES1,3,1,1702,2,0,42924
1055,Manu Fernandez,ES1,0,0,682,1,0,7176
1056,Manu Garcia,ES1,8,5,10904,44,0,186144
1057,Manu Garrido,ES1,0,0,116,1,0,3440
1058,Manu Herrera,ES1,0,0,556,0,0,10717
1059,Manu Morlanes,ES1,2,4,2001,8,0,39422
1060,Manu Sanchez,ES1,1,8,3651,10,0,21913
1061,Manu Trigueros,ES1,20,22,18116,47,1,270900
1062,Manu Vallejo,ES1,8,2,1869,5,0,101601
1063,Manucho,ES1,9,2,2545,8,0,23855
1064,Manuel Iturra,ES1,0,1,4405,14,1,530882
1065,Manuel Pablo,ES1,0,0,519,1,0,7176
1066,Marc Andre Ter Stegen,ES1,0,2,19982,6,0,29213
1067,Marc Bartra,ES1,9,6,12099,27,0,21687
1068,Marc Cardona,ES1,4,3,1302,2,0,32350
1069,Marc Cucurella,ES1,5,10,8877,22,0,325698
1070,Marc Muniesa,ES1,0,1,2532,8,0,394272
1071,Marc Navarro,ES1,3,2,2114,4,0,27110
1072,Marc Pedraza,ES1,0,0,131,0,0,711
1073,Marc Pubill,ES1,0,1,501,1,0,37048
1074,Marc Roca,ES1,3,4,7711,21,0,73542
1075,Marcelo,ES1,11,37,14672,27,1,78584
1076,Marcelo Diaz,ES1,1,3,2626,8,0,37600
1077,Marcelo Saracchi,ES1,0,1,186,2,0,13472
1078,Marco Andreolli,ES1,0,0,554,2,0,2576
1079,Marco Asensio,ES1,32,29,11443,11,0,91992
1080,Marcos Acuna,ES1,2,5,4964,17,1,24288
1081,Marcos Alonso,ES1,0,0,12,0,0,131
1082,Marcos Andre,ES1,6,5,2224,7,0,44084
1083,Marcos Angeleri,ES1,0,0,2991,8,1,37940
1084,Marcos Llorente,ES1,15,19,11086,22,0,45952
1085,Mariano,ES1,0,5,4327,14,0,19872
1086,Mariano Barbosa,ES1,0,0,1467,0,0,16486
1087,Mariano Diaz,ES1,7,2,1441,5,0,21318
1088,Mario Arques,ES1,0,0,4,0,0,1531
1089,Mario Fernandez,ES1,0,0,585,3,0,2317
1090,Mario Gaspar,ES1,8,18,18790,48,0,238350
1091,Mario Gonzalez,ES1,0,0,39,0,0,19876
1092,Mario Hermoso,ES1,8,2,10525,29,2,39557
1093,Mario Hernandez,ES1,1,0,394,3,0,3303
1094,Mario Mandzukic,ES1,12,5,1941,10,0,364
1095,Mario Pasalic,ES1,3,0,2224,5,0,47461
1096,Mario Rodriguez,ES1,0,0,1,0,0,1108
1097,Mario Suarez,ES1,6,0,4364,19,0,32932
1098,Markel Areitio,ES1,0,0,45,0,0,1533
1099,Markel Bergara,ES1,6,1,5352,24,0,123443
1100,Markel Susaeta,ES1,9,21,8477,15,0,87561
1101,Marko Dmitrović,ES1,1,0,12256,7,0,201866
1102,Marko Livaja,ES1,5,3,1447,12,1,11800
1103,Marko Milovanovic,ES1,0,0,14,1,0,6604
1104,Marko Rog,ES1,0,0,354,5,0,3680
1105,Marlon,ES1,0,0,180,0,0,603
1106,Marlos Moreno,ES1,0,0,820,0,0,40788
1107,Martin Aguirregabiria,ES1,1,8,9132,18,1,150708
1108,Martin Braithwaite,ES1,17,11,5408,12,0,61398
1109,Martin Caceres,ES1,0,0,669,2,0,33680
1110,Martin Demichelis,ES1,0,0,773,3,0,12268
1111,Martin Hongla,ES1,0,0,794,3,0,167950
1112,Martin Mantovani,ES1,4,1,4507,14,0,105446
1113,Martin Merquelanz,ES1,0,1,723,0,0,11002
1114,Martin Montoya,ES1,2,7,6939,21,1,61444
1115,Martin Odegaard,ES1,4,6,2796,3,0,24455
1116,Martin Valjent,ES1,0,0,6907,12,0,18486
1117,Martin Zubimendi,ES1,2,2,5577,14,0,61939
1118,Mateo Garcia,ES1,2,0,719,0,0,8968
1119,Mateo Kovacic,ES1,1,6,3707,8,1,30514
1120,Mateo Musacchio,ES1,4,2,4211,10,0,52500
1121,Matheus Cunha,ES1,6,6,1128,3,0,442
1122,Matheus Fernandes,ES1,0,0,166,0,0,1098
1123,Mathew Ryan,ES1,0,0,1170,0,0,12533
1124,Mathias Jensen,ES1,0,0,235,0,0,5640
1125,Mathias Olivera,ES1,2,5,8411,29,0,385736
1126,Mathieu Flamini,ES1,0,0,932,8,0,66762
1127,Matias Aguirregaray,ES1,0,0,1155,3,0,7080
1128,Matias Arezo,ES1,0,0,156,1,0,134360
1129,Matias Dituro,ES1,0,0,3420,1,0,35720
1130,Matias Kranevitter,ES1,0,0,1610,7,0,7832
1131,Matias Nahuel,ES1,0,1,1399,6,1,23550
1132,Matias Vargas,ES1,0,3,1019,1,0,14994
1133,Matija Nastasić,ES1,0,0,90,1,0,237
1134,Matt Miazga,ES1,0,0,831,2,0,12188
1135,Matthew Hoppe,ES1,0,1,128,0,0,1185
1136,Matthieu Saunier,ES1,0,1,1310,4,0,268720
1137,Mauricio Cuero,ES1,0,1,480,1,0,43784
1138,Mauricio Lemos,ES1,5,0,3848,17,0,23128
1139,Mauro Arambarri,ES1,6,11,14001,55,0,611985
1140,Mauro Dos Santos,ES1,1,1,6727,21,1,177560
1141,Maxi Gomez,ES1,52,20,12867,36,1,167444
1142,Maxime Gonalons,ES1,0,3,5082,20,1,1162535
1143,Maxime Lestienne,ES1,0,1,671,1,0,13008
1144,Maximilian Wober,ES1,0,0,536,2,0,2576
1145,Mehdi Carcela Gonzalez,ES1,5,1,1753,6,0,369490
1146,Mehdi Lacen,ES1,2,2,6389,18,0,257345
1147,Memphis Depay,ES1,13,2,1964,3,0,3930
1148,Merveil Ndockyt,ES1,0,0,62,1,0,16358
1149,Michael Ciani,ES1,0,0,188,0,0,2142
1150,Michael Krohn Dehli,ES1,3,9,6192,12,0,59163
1151,Michael Olunga,ES1,3,1,427,0,0,172494
1152,Michael Santos,ES1,4,3,1290,7,0,35080
1153,Michel Herrero,ES1,5,4,6369,22,0,72275
1154,Michel Macedo,ES1,2,6,5429,16,0,71244
1155,Michel Madera,ES1,0,0,90,0,0,3709
1156,Michy Batshuayi,ES1,1,0,519,3,0,15735
1157,Mickael Malsa,ES1,2,2,3486,12,0,205814
1158,Miguel Angel Guerrero,ES1,12,5,5475,8,0,138408
1159,Miguel Angel Moya,ES1,0,0,6124,1,0,22941
1160,Miguel Atienza,ES1,0,0,837,1,0,18396
1161,Miguel Baeza,ES1,1,0,532,0,0,20680
1162,Miguel Cardoso,ES1,0,1,42,0,0,2691
1163,Miguel Cifuentes,ES1,0,0,556,1,0,19009
1164,Miguel De La Fuente,ES1,1,2,1069,3,0,29752
1165,Miguel De Las Cuevas,ES1,0,1,1797,3,0,9268
1166,Miguel Flano,ES1,1,0,1035,3,0,3972
1167,Miguel Gutierrez,ES1,0,4,1023,2,0,77688
1168,Miguel Layun,ES1,2,1,1686,5,0,14288
1169,Miguel Llambrich,ES1,0,0,613,1,0,9828
1170,Miguel Lopes,ES1,0,1,1946,10,0,436670
1171,Miguel Munoz,ES1,0,0,201,1,0,11127
1172,Miguel Olavide,ES1,1,0,488,3,0,4634
1173,Miguel Rubio,ES1,0,0,28,0,0,472
1174,Miguel Torres,ES1,0,3,5374,20,0,74796
1175,Mike Havenaar,ES1,0,0,293,1,0,4965
1176,Mikel Arruabarrena,ES1,10,3,2611,10,0,61320
1177,Mikel Balenziaga,ES1,1,7,15030,22,1,116127
1178,Mikel Gonzalez,ES1,0,0,3471,8,1,29964
1179,Mikel Merino,ES1,13,16,10772,34,0,89211
1180,Mikel Oyarzabal,ES1,63,40,17336,12,1,152544
1181,Mikel Rico,ES1,6,8,7575,13,1,228588
1182,Mikel Saizar,ES1,0,0,540,0,0,5958
1183,Mikel San Jose,ES1,12,8,11726,40,1,102465
1184,Mikel Vesga,ES1,5,6,9316,33,0,139165
1185,Mikel Villanueva,ES1,0,0,1264,4,0,16260
1186,Miku Fedor,ES1,11,4,1771,4,0,10643
1187,Miquel Parera,ES1,0,0,90,0,0,237
1188,Miralem Pjanic,ES1,0,0,620,1,0,2489
1189,Miranda,ES1,3,1,2025,8,1,299
1190,Modibo Diakite,ES1,0,0,180,0,0,1794
1191,Modibo Sagnan,ES1,0,0,619,3,0,10896
1192,Mohamed Ali Cho,ES1,0,2,225,1,0,4086
1193,Mohamed Sissoko,ES1,0,0,1088,4,0,70728
1194,Mohammed Fatau,ES1,0,0,705,3,0,3670
1195,Mohammed Salisu,ES1,1,1,2726,4,0,11346
1196,Moi Delgado,ES1,0,0,270,1,0,1098
1197,Moi Gomez,ES1,21,31,14172,22,0,478720
1198,Momo,ES1,3,4,3301,10,0,27848
1199,Momo Mbaye,ES1,0,0,90,0,0,2687
1200,Monchu,ES1,1,0,342,1,0,2196
1201,Moses Simon,ES1,1,1,779,1,0,63992
1202,Mouctar Diakhaby,ES1,4,2,7566,30,1,109096
1203,Moussa Dembele,ES1,0,0,95,0,0,65
1204,Moussa Wague,ES1,0,0,90,0,0,131
1205,Mubarak Wakaso,ES1,3,3,5843,47,0,267313
1206,Mujaid Sadick,ES1,0,0,105,0,0,1946
1207,Munas Dabbur,ES1,0,0,24,0,0,736
1208,Munir El Haddadi,ES1,37,18,9639,23,0,114967
1209,Myrto Uzuni,ES1,1,1,857,4,0,251925
1210,Nabil El Zhar,ES1,13,11,6985,11,0,165404
1211,Nabil Fekir,ES1,18,23,8350,24,2,15450
1212,Nabil Ghilas,ES1,7,1,3110,2,0,94171
1213,Nacho Cases,ES1,3,1,3436,17,1,110160
1214,Nacho Fernandez,ES1,11,4,11977,44,0,68970
1215,Nacho Gil,ES1,0,1,961,1,0,15059
1216,Nacho Martinez,ES1,1,7,9507,27,1,42491
1217,Nacho Monreal,ES1,3,1,4474,4,0,37455
1218,Nacho Monsalve,ES1,0,0,90,0,0,13
1219,Nacho Vidal,ES1,1,1,8403,26,0,42098
1220,Nahuel Molina,ES1,0,0,270,0,1,39
1221,Nahuel Tenaglia,ES1,0,0,1072,2,0,15512
1222,Nais Djouahra,ES1,0,1,242,0,0,9157
1223,Naldo,ES1,1,2,6194,18,0,143400
1224,Nani,ES1,5,8,1846,6,0,26225
1225,Nano Mesa,ES1,1,0,431,1,0,39510
1226,Nauzet Aleman,ES1,0,0,241,0,0,4720
1227,Nauzet Perez,ES1,0,0,1170,1,0,4303
1228,Nehuen Perez,ES1,0,0,736,4,0,235130
1229,Nelson Semedo,ES1,2,6,5190,7,0,10742
1230,Nemanja Gudelj,ES1,0,0,3581,20,0,29072
1231,Nemanja Maksimović,ES1,5,2,12669,20,0,560958
1232,Nemanja Radoja,ES1,2,4,11307,23,0,330388
1233,Nenad Krsticic,ES1,2,0,747,3,0,15512
1234,Nereo Champagne,ES1,0,0,540,1,0,7464
1235,Nestor Araujo,ES1,4,2,10618,22,0,125020
1236,Nestor Diaz,ES1,0,0,4,0,0,940
1237,Neto,ES1,0,0,7110,4,0,71855
1238,Neymar,ES1,59,34,8280,19,1,12707
1239,Nico Gonzalez,ES1,3,1,1325,6,0,9831
1240,Nico Melamed,ES1,1,1,1203,5,0,24990
1241,Nico Serrano,ES1,1,0,307,0,0,8694
1242,Nico Williams,ES1,2,2,1715,4,0,24840
1243,Nicola Sansone,ES1,14,5,2792,9,0,55650
1244,Nicolas Fernandez Mercau,ES1,0,0,127,1,0,3062
1245,Nicolas Gaitan,ES1,3,2,1236,1,0,377
1246,Nicolas Jackson,ES1,1,1,411,1,0,6300
1247,Nicolas Lopez,ES1,0,0,153,0,0,134360
1248,Nicolas Otamendi,ES1,6,0,3098,9,1,36715
1249,Nicolas Pareja,ES1,2,2,4972,15,1,22080
1250,Nikola Kalinic,ES1,2,0,638,3,0,221
1251,Nikola Maras,ES1,0,0,1040,4,0,5872
1252,Nikola Vujadinovic,ES1,0,0,789,0,0,3310
1253,Nikola Vukcevic,ES1,0,3,3172,21,0,218920
1254,Nikolaos Karabelas,ES1,0,1,1038,7,0,50520
1255,Nili Perdomo,ES1,0,0,318,0,0,3776
1256,Nino,ES1,0,0,271,1,0,24496
1257,Njegos Petrovic,ES1,0,1,916,5,0,251925
1258,Nolito,ES1,43,33,12329,33,0,149632
1259,Nordin Amrabat,ES1,8,10,4679,19,1,85016
1260,Ognjen Vranjes,ES1,0,0,917,8,0,26928
1261,Oier Olazabal,ES1,0,0,6032,4,0,398325
1262,Oier Sanjurjo,ES1,3,5,8321,36,1,40382
1263,Oier Zarraga,ES1,1,0,1342,5,0,24840
1264,Oihan Sancet,ES1,11,7,3619,6,0,47942
1265,Okay Yokuslu,ES1,2,2,5230,20,1,112239
1266,Ola John,ES1,0,1,347,0,0,9867
1267,Olarenwaju Kayode,ES1,0,1,376,2,0,147852
1268,Oliver Burke,ES1,1,2,1421,2,0,34348
1269,Oliver Torres,ES1,7,11,5104,11,0,33761
1270,Omar Alderete,ES1,2,0,2410,15,0,30421
1271,Omar Mascarell,ES1,0,1,4661,12,0,120295
1272,Omar Ramos,ES1,0,3,2423,7,0,47272
1273,Omenuke Mfulu,ES1,0,0,787,4,0,30620
1274,Omer Atzili,ES1,0,0,316,0,0,151155
1275,Orbelin Pineda,ES1,0,0,93,0,0,6580
1276,Oriol Riera,ES1,10,2,3767,9,0,45853
1277,Oriol Romeu,ES1,1,0,270,2,0,36963
1278,Oscar Clemente,ES1,0,0,3,0,0,1533
1279,Oscar De Marcos,ES1,7,21,16359,35,1,132273
1280,Oscar Duarte,ES1,4,0,8288,17,0,238494
1281,Oscar Gil,ES1,0,2,2133,10,0,19278
1282,Oscar Melendo,ES1,0,6,5090,4,0,77807
1283,Oscar Mingueza,ES1,2,3,2800,6,0,7906
1284,Oscar Pinchi,ES1,0,0,1,0,0,472
1285,Oscar Plano,ES1,12,14,8006,16,1,40626
1286,Oscar Rodriguez,ES1,14,7,6662,16,1,158754
1287,Oscar Romero,ES1,0,1,776,3,0,19944
1288,Oscar Trejo,ES1,5,14,4250,23,0,23488
1289,Oscar Valentin,ES1,0,0,2929,11,0,15047
1290,Ousmane Dembele,ES1,21,29,6550,11,1,14148
1291,Oussama Idrissi,ES1,1,2,1060,3,0,35188
1292,Oussama Tannane,ES1,0,0,562,1,0,4720
1293,Pablo Chavarria,ES1,0,0,199,1,0,3081
1294,Pablo De Blasis,ES1,4,3,3108,4,1,82782
1295,Pablo Fernandez,ES1,0,0,20,0,0,3129
1296,Pablo Fornals,ES1,12,17,9072,15,0,137456
1297,Pablo Hernandez,ES1,11,11,9297,39,0,120829
1298,Pablo Hervias,ES1,2,7,2914,3,0,34944
1299,Pablo Ibanez,ES1,0,0,22,0,0,993
1300,Pablo Insua,ES1,1,0,5492,24,0,212065
1301,Pablo Maffeo,ES1,3,10,8106,27,0,550260
1302,Pablo Martinez,ES1,0,0,29,0,0,12208
1303,Pablo Perez,ES1,0,1,746,4,0,44064
1304,Pablo Piatti,ES1,20,21,8256,15,0,139752
1305,Pablo Sarabia,ES1,36,37,12398,47,0,281962
1306,Paco Alcacer,ES1,45,27,9497,7,1,136030
1307,Paco Montanes,ES1,1,1,1342,3,0,22848
1308,Panagiotis Kone,ES1,0,0,42,0,0,33590
1309,Pape Cheikh,ES1,1,1,1214,9,0,35720
1310,Pape Diop,ES1,6,4,13083,62,1,264332
1311,Papu Gomez,ES1,8,3,2967,5,0,19136
1312,Pathe Ciss,ES1,3,1,1514,8,0,13579
1313,Patrick Cutrone,ES1,0,0,101,0,0,7343
1314,Patrick Ebert,ES1,0,0,560,3,1,3303
1315,Patrick Ekeng,ES1,1,1,752,3,1,13902
1316,Patrick Roberts,ES1,0,0,594,0,0,234099
1317,Patrick Twumasi,ES1,0,0,159,2,0,12188
1318,Pau Lopez,ES1,0,0,8870,9,0,52788
1319,Pau Torres,ES1,9,5,9388,14,0,113400
1320,Paul Akouokou,ES1,0,0,920,7,1,3150
1321,Paul Baysse,ES1,1,0,1238,1,0,16260
1322,Paulinho,ES1,9,3,1939,2,0,4454
1323,Paulino De La Fuente,ES1,0,0,73,0,0,2061
1324,Paulo Gazzaniga,ES1,0,0,720,3,0,12248
1325,Paulo Oliveira,ES1,1,1,9187,18,0,170163
1326,Pedri,ES1,7,4,3754,2,0,7205
1327,Pedro,ES1,6,6,1531,3,0,4585
1328,Pedro Alcala,ES1,2,1,3466,16,0,441524
1329,Pedro Bigas,ES1,11,3,11875,25,0,154569
1330,Pedro Leon,ES1,17,21,10522,19,0,380933
1331,Pedro Lopez,ES1,1,2,5694,16,0,308662
1332,Pedro Mosquera,ES1,4,6,10439,30,0,257392
1333,Pedro Porro,ES1,0,4,2946,5,0,399030
1334,Pep Chavarria,ES1,0,0,1,0,0,367
1335,Pepe,ES1,5,4,5194,10,0,25498
1336,Pepe Sanchez,ES1,0,0,254,0,0,50385
1337,Pepelu,ES1,0,0,2006,9,0,97672
1338,Pere Milla,ES1,12,6,4194,11,0,113304
1339,Pere Pons,ES1,5,6,8983,17,0,888397
1340,Peru Nolaskoain,ES1,2,0,462,2,1,7275
1341,Pervis Estupinan,ES1,1,8,5890,14,0,85258
1342,Peter Etebo,ES1,1,1,1789,7,0,43698
1343,Petros,ES1,2,3,4472,19,0,9300
1344,Philippe Coutinho,ES1,16,10,4483,4,0,9956
1345,Pierre Emerick Aubameyang,ES1,11,1,1100,0,0,2358
1346,Pione Sisto,ES1,12,13,5919,5,0,103400
1347,Pipa,ES1,0,0,472,2,0,4998
1348,Piti,ES1,3,5,3066,13,0,691531
1349,Pol Freixanet,ES1,0,0,3,0,0,1531
1350,Pol Lirola,ES1,0,0,201,0,0,4593
1351,Pol Lozano,ES1,0,0,153,0,1,2856
1352,Portu,ES1,36,20,12229,21,0,967565
1353,Predrag Rajković,ES1,0,0,540,0,0,1422
1354,Przemyslaw Tyton,ES1,0,0,4081,2,1,62447
1355,Puma,ES1,0,0,21,0,0,418
1356,Quincy Promes,ES1,2,4,1569,2,0,12144
1357,Quini,ES1,1,2,7287,30,0,1040643
1358,Quique Gonzalez,ES1,0,1,671,0,0,51297
1359,Rachid Ait Atmane,ES1,0,2,1555,5,0,63648
1360,Radamel Falcao,ES1,7,0,997,2,0,10276
1361,Rafa Galvez,ES1,0,0,118,0,0,6124
1362,Rafa Lopez,ES1,0,0,90,0,0,3709
1363,Rafa Mir,ES1,24,1,4990,9,0,220170
1364,Rafa Navarro,ES1,2,2,1422,4,0,3150
1365,Rafa Soares,ES1,0,1,1569,3,0,38325
1366,Rafael Borre,ES1,2,1,345,0,0,17850
1367,Rafael Martins,ES1,1,0,319,1,0,43784
1368,Rafael Van Der Vaart,ES1,0,0,178,0,0,1050
1369,Rafinha,ES1,13,4,6094,12,0,46173
1370,Rajko Brezancic,ES1,0,0,66,0,0,5358
1371,Ramiro Funes Mori,ES1,2,1,3807,17,0,50400
1372,Ramiro Guerra,ES1,0,0,67,1,0,4090
1373,Ramon Azeez,ES1,2,1,2198,6,0,466103
1374,Ramon Terrats,ES1,0,0,127,0,0,36963
1375,Randy Nteka,ES1,3,2,1493,3,0,13579
1376,Raoul Loe,ES1,0,0,569,2,0,2317
1377,Raphael Dwamena,ES1,0,2,214,0,0,40416
1378,Raphael Varane,ES1,7,5,16760,15,1,82764
1379,Raphinha,ES1,1,1,339,1,0,786
1380,Raul Albentosa,ES1,6,3,8168,31,1,99656
1381,Raul Albiol,ES1,1,0,9363,25,0,110250
1382,Raul Baena,ES1,3,1,4188,27,0,19084
1383,Raul Carnero,ES1,1,4,5654,13,0,195166
1384,Raul De Tomas,ES1,35,4,6822,17,1,46383
1385,Raul Fernandez,ES1,0,0,990,0,0,37048
1386,Raul Garcia,ES1,67,27,18516,75,1,151319
1387,Raul Guti,ES1,3,1,4660,9,1,108701
1388,Raul Jimenez,ES1,1,2,577,0,0,273
1389,Raul Lizoain,ES1,0,0,2868,2,0,15104
1390,Raul Navas,ES1,3,2,9071,25,0,93744
1391,Raul Rodriguez,ES1,0,0,1,0,0,714
1392,Raul Torrente,ES1,0,1,1282,5,0,302310
1393,Razvan Rat,ES1,0,0,734,3,0,3670
1394,Recio,ES1,6,11,11021,70,0,191205
1395,Reinier,ES1,1,0,281,0,0,61605
1396,Reinildo Mandava,ES1,0,0,1838,7,0,299
1397,Renan Lodi,ES1,4,6,4696,15,0,1092
1398,Renato Tapia,ES1,0,1,4509,24,0,62980
1399,Rene Krhin,ES1,0,0,3573,7,0,618522
1400,Ricardo Costa,ES1,1,0,1251,7,0,235130
1401,Ricardo Horta,ES1,1,1,2302,5,0,52032
1402,Ricky Van Wolfswinkel,ES1,1,2,615,1,0,2400
1403,Riki,ES1,0,0,199,1,0,151155
1404,Riqui Puig,ES1,2,2,1013,1,0,4323
1405,Riza Durmisi,ES1,3,6,4442,8,0,7650
1406,Rober Correa,ES1,0,2,2539,10,0,46389
1407,Rober Ibanez,ES1,7,3,2573,8,0,628838
1408,Rober Pier,ES1,2,1,8346,18,1,362170
1409,Robert Lewandowski,ES1,8,2,449,0,0,786
1410,Robert Mazan,ES1,0,0,171,0,0,2820
1411,Robert Navarro,ES1,0,0,21,0,0,681
1412,Roberto,ES1,0,0,5326,1,0,54442
1413,Roberto Canella,ES1,2,1,2908,9,0,79065
1414,Roberto Fernandez,ES1,0,0,2070,3,0,386285
1415,Roberto Lago,ES1,0,3,2395,9,1,122397
1416,Roberto Lopez,ES1,3,1,574,0,0,14728
1417,Roberto Rosales,ES1,5,13,15721,38,0,193518
1418,Roberto Santamaria,ES1,0,0,1800,1,0,107160
1419,Roberto Soldado,ES1,28,21,7459,44,1,1141814
1420,Roberto Soriano,ES1,9,5,3601,12,1,57750
1421,Roberto Torres,ES1,23,14,7726,10,0,43692
1422,Roberto Trashorras,ES1,3,12,6004,21,0,25323
1423,Robin Le Normand,ES1,2,6,9110,19,1,76726
1424,Rodri,ES1,4,5,6901,15,0,66592
1425,Rodri Sanchez,ES1,2,3,1767,0,0,6150
1426,Rodri Tarin,ES1,0,0,2380,4,0,39808
1427,Rodrigo,ES1,38,30,11982,19,3,180428
1428,Rodrigo Battaglia,ES1,1,0,4071,18,1,42803
1429,Rodrigo De Paul,ES1,5,7,3721,15,1,36212
1430,Rodrigo Ely,ES1,5,0,7047,28,1,107344
1431,Rodrigo Riquelme,ES1,0,0,364,0,0,61618
1432,Rodrygo,ES1,10,13,3843,3,0,32604
1433,Roger Assale,ES1,2,3,524,1,0,17416
1434,Roger Marti,ES1,46,12,10342,31,0,551740
1435,Roger Martinez,ES1,1,0,226,1,0,8400
1436,Roman Zozulya,ES1,0,0,151,1,0,900
1437,Ronald Araujo,ES1,6,1,4289,12,0,7860
1438,Rony Lopes,ES1,0,0,133,0,0,1840
1439,Roque Mesa,ES1,6,10,12182,56,1,93974
1440,Roque Santa Cruz,ES1,5,1,1331,0,0,31436
1441,Ruben Alcaraz,ES1,8,4,8243,40,0,76298
1442,Ruben Blanco,ES1,0,0,10540,12,3,111860
1443,Ruben Castro,ES1,33,6,6541,6,0,12450
1444,Ruben Duarte,ES1,1,13,15713,58,1,195228
1445,Ruben Garcia,ES1,15,16,9889,17,0,201111
1446,Ruben Martinez,ES1,0,0,7668,9,1,158864
1447,Ruben Pardo,ES1,3,16,6713,17,1,63009
1448,Ruben Pena,ES1,6,7,8843,16,0,189295
1449,Ruben Perez,ES1,1,4,13101,64,1,902567
1450,Ruben Rochina,ES1,19,21,9625,40,0,1445135
1451,Ruben Sanchez,ES1,0,0,39,0,0,2920
1452,Ruben Semedo,ES1,0,0,1079,4,0,63138
1453,Ruben Sobrino,ES1,14,5,6498,16,0,229223
1454,Ruben Vezo,ES1,3,4,13601,30,0,714308
1455,Ruben Yanez,ES1,0,0,900,2,0,37090
1456,Rui Silva,ES1,0,0,8533,7,0,1129465
1457,Ryad Boudebouz,ES1,3,5,2619,5,1,15740
1458,Ryan Babel,ES1,4,1,560,3,0,9867
1459,Ryan Donk,ES1,0,1,854,3,0,2400
1460,Ryder Matos,ES1,0,0,145,0,0,2979
1461,Sa Scaron A Lukić,ES1,0,2,996,4,0,53888
1462,Sabin Merino,ES1,6,1,2304,4,0,47224
1463,Saidy Janko,ES1,0,1,1224,4,0,6954
1464,Salem Al Dawsari,ES1,0,0,33,1,0,1050
1465,Salva Ruiz,ES1,0,0,74,0,1,33590
1466,Salva Sevilla,ES1,11,11,6283,21,0,48489
1467,Salvatore Sirigu,ES1,0,0,1799,1,1,6694
1468,Salvi Sanchez,ES1,4,1,3493,8,0,138505
1469,Sami Khedira,ES1,0,0,294,2,0,4598
1470,Samir Nasri,ES1,2,3,1843,7,0,8464
1471,Sammir,ES1,1,4,1412,0,0,85307
1472,Samu Castillejo,ES1,12,14,8698,17,0,138700
1473,Samu Costa,ES1,0,0,540,2,0,19812
1474,Samu Garcia,ES1,7,4,3892,13,1,109808
1475,Samu Saiz,ES1,2,0,490,3,0,111016
1476,Samuel Chukwueze,ES1,15,14,6631,8,0,130200
1477,Samuel Lino,ES1,1,0,524,1,0,6294
1478,Samuel Martinez,ES1,0,0,180,0,0,3062
1479,Samuel Perez,ES1,0,0,25,0,0,1533
1480,Samuel Umtiti,ES1,2,1,7187,23,0,11921
1481,Samuele Longo,ES1,1,2,550,4,0,80370
1482,Sandro Ramirez,ES1,27,7,8642,19,0,279380
1483,Sanjin Prcic,ES1,0,0,534,3,0,33680
1484,Santi Cazorla,ES1,15,20,5108,5,0,73500
1485,Santi Comesana,ES1,2,3,4918,19,0,23488
1486,Santi Mina,ES1,61,24,14294,31,0,236473
1487,Santiago Arias,ES1,2,2,3280,6,0,202047
1488,Santiago Arzamendia,ES1,1,0,643,2,0,45679
1489,Santiago Bueno,ES1,0,1,540,0,0,73926
1490,Santiago Caseres,ES1,0,1,1589,10,0,24150
1491,Santiago Vergini,ES1,0,0,2203,9,0,96434
1492,Saul Berjon,ES1,7,12,3804,5,0,96579
1493,Saul Garcia,ES1,0,0,3,0,0,1108
1494,Saul Niguez,ES1,26,14,17483,50,0,3029
1495,Sebastian Cristoforo,ES1,0,1,2765,9,0,90957
1496,Sebastian Dubarbier,ES1,0,1,2768,16,0,105664
1497,Sebastien Corchia,ES1,0,1,1093,5,0,6558
1498,Serdar Gurler,ES1,0,1,481,2,0,69654
1499,Serge Aurier,ES1,0,1,1003,4,0,19950
1500,Sergi Darder,ES1,14,17,14632,34,1,142898
1501,Sergi Enrich,ES1,34,23,12447,22,0,286671
1502,Sergi Gomez,ES1,2,3,15704,28,2,149202
1503,Sergi Guardiola,ES1,20,10,7911,14,0,54347
1504,Sergi Roberto,ES1,6,30,12904,22,2,25152
1505,Sergi Samper,ES1,0,1,1443,6,0,370565
1506,Sergino Dest,ES1,2,4,3428,3,0,6681
1507,Sergio Akieme,ES1,0,1,720,2,0,20546
1508,Sergio Alvarez,ES1,4,4,20215,32,1,371716
1509,Sergio Araujo,ES1,7,4,2384,6,0,20296
1510,Sergio Arribas,ES1,0,0,22,0,0,1050
1511,Sergio Asenjo,ES1,0,0,17760,10,0,204480
1512,Sergio Bermejo,ES1,0,0,4,0,0,150
1513,Sergio Busquets,ES1,6,20,21981,75,0,36156
1514,Sergio Camello,ES1,1,1,463,0,0,7521
1515,Sergio Canales,ES1,35,36,17821,33,0,101589
1516,Sergio Escudero,ES1,7,12,12621,47,0,606311
1517,Sergio Garcia,ES1,18,16,6157,16,0,70251
1518,Sergio Gomez,ES1,0,1,769,1,0,155382
1519,Sergio Herrera,ES1,0,0,8392,8,1,31114
1520,Sergio Leon,ES1,24,3,6537,12,0,188203
1521,Sergio Marcos,ES1,0,0,460,0,0,7350
1522,Sergio Mendigutxia,ES1,0,0,29,0,0,2448
1523,Sergio Mora,ES1,0,0,799,5,0,96434
1524,Sergio Moreno,ES1,0,0,13,0,0,13
1525,Sergio Pelegrin,ES1,0,0,726,2,0,15310
1526,Sergio Postigo,ES1,3,2,8721,23,1,383952
1527,Sergio Ramos,ES1,36,8,15742,62,1,76076
1528,Sergio Reguilon,ES1,2,6,3631,11,0,17260
1529,Sergio Rico,ES1,0,0,11436,6,0,45270
1530,Sergio Sanchez,ES1,0,0,1807,8,0,24192
1531,Seydou Doumbia,ES1,2,0,534,2,0,209457
1532,Shaq Moore,ES1,0,0,424,0,0,9956
1533,Shinji Okazaki,ES1,1,1,1128,1,0,133950
1534,Shkodran Mustafi,ES1,7,1,6315,22,0,104184
1535,Shon Weissman,ES1,7,2,2338,3,0,12810
1536,Sidnei,ES1,4,4,13662,23,0,110505
1537,Simao,ES1,2,1,4169,22,1,191976
1538,Sime Vrsaljko,ES1,1,7,4411,17,0,910
1539,Simon Kjaer,ES1,2,0,3586,8,0,16928
1540,Simone Verdi,ES1,0,0,289,2,0,13797
1541,Simone Zaza,ES1,19,2,3454,17,0,55597
1542,Sito,ES1,0,0,52,0,0,1380
1543,Sofiane Boufal,ES1,3,4,2099,6,0,32900
1544,Sofiane Feghouli,ES1,7,9,3191,9,0,56646
1545,Sontm,ES1,1,1,3081,8,1,181872
1546,Soufiane Chakla,ES1,0,0,1088,6,0,43949
1547,Srdjan Babic,ES1,0,0,540,0,0,19812
1548,Stanislav Lobotka,ES1,0,1,6945,5,0,80840
1549,Stefan Mitrović,ES1,1,0,3067,10,1,137233
1550,Stefan Savic,ES1,2,3,14891,52,0,2262
1551,Stefan Scepovic,ES1,6,1,1810,4,0,126106
1552,Stephane Mbia,ES1,4,0,1463,9,0,8464
1553,Stevan Jovetic,ES1,6,4,1204,4,0,7728
1554,Steven Nzonzi,ES1,6,6,7128,12,0,33120
1555,Stipe Pletikosa,ES1,0,0,180,0,0,1794
1556,Stiven Plaza,ES1,0,0,36,0,0,732
1557,Stole Dimitrievski,ES1,0,0,5291,6,0,38081
1558,Sulayman Marreh,ES1,0,0,45,1,0,16795
1559,Sulley Muntari,ES1,0,0,408,3,0,7176
1560,Sung Yueng Ki,ES1,0,0,8,0,0,237
1561,Suso,ES1,4,6,3448,2,0,22448
1562,Sverrir Ingi Ingason,ES1,1,0,1473,7,0,285515
1563,Tachi,ES1,0,0,1083,5,0,19944
1564,Takashi Inui,ES1,16,12,11358,12,0,238314
1565,Takefusa Kubo,ES1,7,8,5380,12,0,99429
1566,Tana,ES1,10,9,5889,8,0,39176
1567,Tanguy Nianzou,ES1,0,0,338,0,0,1840
1568,Tano Bonnin,ES1,0,1,732,3,0,3641
1569,Taty Castellanos,ES1,1,0,495,2,0,73926
1570,Tecatito,ES1,2,4,1225,2,0,6992
1571,Teerasil Dangda,ES1,0,0,133,0,0,19812
1572,Tete Morente,ES1,5,8,4020,10,0,102577
1573,Theo Bongonda,ES1,4,5,3579,8,0,65401
1574,Theo Hernandez,ES1,2,5,5664,18,2,57234
1575,Thiago Galhardo,ES1,2,2,1135,5,0,29140
1576,Thibaut Courtois,ES1,0,0,12690,4,0,58938
1577,Thierry Correia,ES1,1,2,4327,14,0,60842
1578,Thievy Bifouma,ES1,4,4,1969,8,0,213323
1579,Thomas Delaney,ES1,2,1,1701,5,0,10672
1580,Thomas Lemar,ES1,7,13,5761,12,0,1404
1581,Thomas Partey,ES1,16,7,10627,50,0,104078
1582,Thomas Vermaelen,ES1,1,1,2173,7,0,4454
1583,Tiago Mendes,ES1,7,8,4098,11,0,741
1584,Timothee Kolodziejczak,ES1,1,0,4288,10,1,19136
1585,Tito,ES1,1,8,8908,24,1,254679
1586,Toche,ES1,4,1,988,5,0,22425
1587,Tomas Alarcon,ES1,0,1,1646,7,0,72549
1588,Tomas Pina,ES1,5,7,13199,51,1,206570
1589,Tomas Tavares,ES1,0,0,62,0,0,3324
1590,Tomas Vaclik,ES1,0,0,6345,1,0,26128
1591,Tomer Hemed,ES1,8,4,2328,5,0,115570
1592,Toni Kroos,ES1,19,61,20037,33,0,103664
1593,Toni Lato,ES1,3,3,3571,18,0,80020
1594,Toni Moya,ES1,0,1,1480,2,0,31063
1595,Toni Villa,ES1,4,3,4248,9,0,63315
1596,Tonny Vilhena,ES1,1,1,936,4,0,12138
1597,Tono,ES1,0,0,2859,2,1,14101
1598,Tono Garcia,ES1,2,10,9301,25,0,383952
1599,Tropi,ES1,0,0,3,0,0,2098
1600,Txema Anibarro,ES1,0,0,1141,2,0,22995
1601,Tyronne,ES1,0,0,41,1,0,1416
1602,Uche Agbo,ES1,0,0,3008,19,1,640412
1603,Umar Sadiq,ES1,3,0,325,1,0,11268
1604,Unai Bustinza,ES1,2,3,8243,36,0,125642
1605,Unai Garcia,ES1,1,0,5565,15,0,23501
1606,Unai Lopez,ES1,6,5,6915,23,0,88173
1607,Unai Nunez,ES1,2,1,8874,31,0,67740
1608,Unai Simon,ES1,0,0,10552,9,1,73278
1609,Unai Vencedor,ES1,0,1,4210,12,0,40365
1610,Uro Scaron Račić,ES1,1,1,3316,9,0,61891
1611,Valery Fernandez,ES1,0,1,851,2,0,184815
1612,Varazdat Haroyan,ES1,1,0,1438,8,0,45679
1613,Vasyl Kravets,ES1,0,0,484,2,0,7464
1614,Vedat Muriqi,ES1,8,3,1954,7,0,5214
1615,Verza,ES1,6,7,4980,23,0,206638
1616,Vicente Esquerdo,ES1,0,0,12,0,0,2464
1617,Vicente Gomez,ES1,3,2,5308,9,0,35400
1618,Vicente Guaita,ES1,0,0,9090,4,0,374609
1619,Vicente Iborra,ES1,25,9,11520,51,1,121948
1620,Victor Alvarez,ES1,1,4,3466,12,0,35700
1621,Victor Camarasa,ES1,8,6,9086,17,0,253178
1622,Victor Campuzano,ES1,0,0,868,2,0,14280
1623,Victor Casadesus,ES1,11,3,3368,9,0,195344
1624,Victor Chust,ES1,0,0,2234,3,0,80610
1625,Victor Diaz,ES1,3,8,7023,17,0,1288237
1626,Victor Garcia,ES1,1,0,88,0,0,2582
1627,Victor Gomez,ES1,0,1,1268,2,0,12852
1628,Victor Laguardia,ES1,9,8,15254,44,2,195008
1629,Victor Lopez,ES1,0,1,61,0,0,1084
1630,Victor Mollejo,ES1,0,0,62,0,0,8752
1631,Victor Perez,ES1,0,0,287,0,0,16840
1632,Victor Rodriguez,ES1,8,6,6988,8,0,263209
1633,Victor Ruiz,ES1,5,4,15535,51,2,150600
1634,Victor Sanchez,ES1,5,15,12555,73,0,119238
1635,Victorien Angban,ES1,0,0,696,4,0,167950
1636,Vincenzo Rennella,ES1,1,0,191,1,0,900
1637,Vinicius Junior,ES1,28,23,7416,13,0,51414
1638,Vinicius Souza,ES1,0,0,511,2,0,4284
1639,Vitolo,ES1,19,23,10259,25,1,62795
1640,Vitorino Antunes,ES1,2,7,6307,20,1,249927
1641,Waldo Rubio,ES1,2,2,1741,8,0,14274
1642,Walter Montoya,ES1,0,0,187,0,0,1840
1643,Wanderson,ES1,0,0,761,2,0,74180
1644,Weligton,ES1,0,3,5444,21,1,68292
1645,Wellington Silva,ES1,0,6,1987,6,0,102362
1646,Wesley Hoedt,ES1,0,0,893,3,0,9400
1647,Wilfrid Kaptoum,ES1,0,0,968,3,0,2250
1648,Wilfried Zahibo,ES1,0,0,136,1,0,2098
1649,William Carvalho,ES1,4,8,6751,25,1,16200
1650,Willian Jose,ES1,70,20,13320,24,1,116793
1651,Wissam Ben Yedder,ES1,38,17,6189,6,0,33488
1652,Xabi Etxeita,ES1,7,1,10551,34,2,312799
1653,Xabi Irureta,ES1,0,0,3330,3,0,56721
1654,Xabi Prieto,ES1,18,20,10130,11,0,91935
1655,Xavi,ES1,2,8,1780,1,0,4061
1656,Xavi Quintilla,ES1,0,2,2201,7,0,40119
1657,Xavi Torres,ES1,0,0,1493,8,0,43416
1658,Ximo Navarro,ES1,3,5,13184,42,1,221212
1659,Xisco,ES1,1,0,231,0,0,8937
1660,Xisco Campos,ES1,0,1,469,1,0,2133
1661,Yan Couto,ES1,0,0,279,1,0,61605
1662,Yan Eteki,ES1,0,0,3182,11,1,1091675
1663,Yangel Herrera,ES1,6,6,7613,33,0,1180403
1664,Yannick Carrasco,ES1,31,29,10478,27,0,2158
1665,Yannis Salibur,ES1,0,0,78,0,0,948
1666,Yeray Alvarez,ES1,1,1,12628,30,0,90666
1667,Yeremy Pino,ES1,10,5,2816,7,0,64050
1668,Yerry Mina,ES1,0,1,370,2,0,655
1669,Yevgen Konoplyanka,ES1,4,5,1612,4,0,11776
1670,Yoel Rodriguez,ES1,0,0,3964,2,1,57088
1671,Yoshinori Muto,ES1,1,2,1118,1,0,39858
1672,Youssef El Arabi,ES1,23,4,4513,7,1,1058085
1673,Youssef En Nesyri,ES1,45,7,10017,19,0,129109
1674,Youssouf Kone,ES1,0,0,73,0,0,4593
1675,Youssouf Sabaly,ES1,0,1,950,1,0,1800
1676,Yunus Musah,ES1,2,2,3190,9,0,68185
1677,Yuri Berchiche,ES1,9,17,15266,48,0,118884
1678,Zakaria Bakkali,ES1,2,3,1743,8,0,56297
1679,Zdravko Kuzmanovic,ES1,0,1,698,5,0,13008
1680,Ze Castro,ES1,2,3,4137,14,0,18350
1681,Zouhair Feddal,ES1,8,6,9158,45,1,132170
